Region,Province,Product,Normalized_product_output_kg__minValue,Area_ha_per_1kg_product__minValue,Animals_total_live_weight_kg_per_1kg_product__minValue,Producing_animals_live_weight_kg_per_1kg_product__minValue,Animals_sold_live_weight_kg_per_1kg_product__minValue,Animal_input_age_related_factor__minValue,Animal_input_economic_allocation_factor__minValue,Animal_input_live_weight_kg_per_1kg_product__minValue,Animal_input_calf_live_weight_kg_per_1kg_product__minValue,Animal_input_one_day_chicken_live_weight_kg_per_1kg_product__minValue,Animal_input_piglet_live_weight_kg_per_1kg_product__minValue,Animal_input_kid_goat_live_weight_kg_per_1kg_product__minValue,Animal_input_dairy_cow_live_weight_kg_per_1kg_product__minValue,Animal_input_laying_hen_live_weight_kg_per_1kg_product__minValue,Water_l_per_1kg_product__minValue,Electricity_kWh_per_1kg_product__minValue,Live_weight_equivalent_kg_per_1kg_product__minValue,Milk_output_l_per_1kg_product__minValue,Milk_output_kg_fpcm_per_1kg_product__minValue,Milk_sales_l_per_1kg_product__minValue,Milk_sales_kg_fpcm_per_1kg_product__minValue,Egg_output_reported_per_1kg_product__minValue,Egg_output_kg_per_1kg_product__minValue,Egg_sales_reported_per_1kg_product__minValue,Egg_sales_kg_per_1kg_product__minValue,Birds_sold_head_per_1kg_product__minValue,Birds_consumed_head_per_1kg_product__minValue,Cultivated_pasture_area_ha_per_1kg_product__minValue,Natural_pasture_area_ha_per_1kg_product__minValue,Linked_pasture_area_ha_per_1kg_product__minValue,Intake_assumption_kg_per_1kg_product__minValue,Pasture_feed_kg_per_1kg_product__minValue,Cultivated_pasture_feed_kg_per_1kg_product__minValue,Natural_pasture_feed_kg_per_1kg_product__minValue,Unmatched_pasture_feed_kg_per_1kg_product__minValue,Supplement_feed_kg_per_1kg_product__minValue,Common_feed_kg_per_1kg_product__minValue,Waste_feed_kg_per_1kg_product__minValue,Unallocated_feed_kg_per_1kg_product__minValue,Total_feed_kg_per_1kg_product__minValue,Proxy_total_feed_kg_per_1kg_product__minValue,Proxy_forage_kg_per_1kg_product__minValue,Proxy_tree_forage_kg_per_1kg_product__minValue,Proxy_compound_feed_kg_per_1kg_product__minValue,Proxy_mineral_kg_per_1kg_product__minValue,Vaccinated_head_per_1kg_product__minValue,Area_ha__minValue,Animals_total_head__minValue,Producing_animals_head__minValue,Animals_sold_head__minValue,Infrastructure_area_m2_head__minValue,Infrastructure_area_ha__minValue,Water_l_head_day__minValue,Electricity_kWh_head_day__minValue,Representative_live_weight_kg__minValue,Live_weight_equivalent_kg__minValue,Milk_output_l_day__minValue,Milk_output_kg_fpcm_day__minValue,Milk_sales_l_7d__minValue,Milk_sales_kg_fpcm_7d__minValue,Milk_yield_l_head_day__minValue,Egg_output_reported__minValue,Egg_output_kg__minValue,Egg_sales_reported__minValue,Egg_sales_kg__minValue,Eggs_per_head_reported__minValue,Birds_sold_head__minValue,Birds_consumed_head__minValue,Pasture_share_pct__minValue,Cultivated_pasture_area_ha__minValue,Natural_pasture_area_ha__minValue,Linked_pasture_area_ha__minValue,Cultivated_pasture_area_share_pct__minValue,Natural_pasture_area_share_pct__minValue,Cultivated_pasture_area_ha_per_head__minValue,Natural_pasture_area_ha_per_head__minValue,Cultivated_pasture_feed_share_pct__minValue,Natural_pasture_feed_share_pct__minValue,Unmatched_pasture_feed_share_pct__minValue,Supplement_share_pct__minValue,Common_feed_share_pct__minValue,Waste_feed_share_pct__minValue,Intake_assumption_kg_head_day__minValue,Pasture_feed_kg_head_day__minValue,Cultivated_pasture_feed_kg_head_day__minValue,Natural_pasture_feed_kg_head_day__minValue,Unmatched_pasture_feed_kg_head_day__minValue,Supplement_feed_kg_head_day__minValue,Common_feed_kg_head_day__minValue,Waste_feed_kg_head_day__minValue,Unallocated_feed_share_pct__minValue,Unallocated_feed_kg_head_day__minValue,Total_feed_kg_head_day__minValue,Proxy_total_feed_kg_head_day__minValue,Proxy_body_weight_kg__minValue,Proxy_forage_share_pct__minValue,Proxy_tree_forage_share_pct__minValue,Proxy_compound_feed_share_pct__minValue,Proxy_mineral_share_pct__minValue,Proxy_forage_kg_head_day__minValue,Proxy_tree_forage_kg_head_day__minValue,Proxy_compound_feed_kg_head_day__minValue,Proxy_mineral_kg_head_day__minValue,Vaccinated_head__minValue,Vaccination_share_pct__minValue,Reference_output_kg__minValue,Reference_output_kg_for_dfe__minValue,Normalization_factor_to_1kg__minValue,Normalized_product_output_kg__maxValue,Area_ha_per_1kg_product__maxValue,Animals_total_live_weight_kg_per_1kg_product__maxValue,Producing_animals_live_weight_kg_per_1kg_product__maxValue,Animals_sold_live_weight_kg_per_1kg_product__maxValue,Animal_input_age_related_factor__maxValue,Animal_input_economic_allocation_factor__maxValue,Animal_input_live_weight_kg_per_1kg_product__maxValue,Animal_input_calf_live_weight_kg_per_1kg_product__maxValue,Animal_input_one_day_chicken_live_weight_kg_per_1kg_product__maxValue,Animal_input_piglet_live_weight_kg_per_1kg_product__maxValue,Animal_input_kid_goat_live_weight_kg_per_1kg_product__maxValue,Animal_input_dairy_cow_live_weight_kg_per_1kg_product__maxValue,Animal_input_laying_hen_live_weight_kg_per_1kg_product__maxValue,Water_l_per_1kg_product__maxValue,Electricity_kWh_per_1kg_product__maxValue,Live_weight_equivalent_kg_per_1kg_product__maxValue,Milk_output_l_per_1kg_product__maxValue,Milk_output_kg_fpcm_per_1kg_product__maxValue,Milk_sales_l_per_1kg_product__maxValue,Milk_sales_kg_fpcm_per_1kg_product__maxValue,Egg_output_reported_per_1kg_product__maxValue,Egg_output_kg_per_1kg_product__maxValue,Egg_sales_reported_per_1kg_product__maxValue,Egg_sales_kg_per_1kg_product__maxValue,Birds_sold_head_per_1kg_product__maxValue,Birds_consumed_head_per_1kg_product__maxValue,Cultivated_pasture_area_ha_per_1kg_product__maxValue,Natural_pasture_area_ha_per_1kg_product__maxValue,Linked_pasture_area_ha_per_1kg_product__maxValue,Intake_assumption_kg_per_1kg_product__maxValue,Pasture_feed_kg_per_1kg_product__maxValue,Cultivated_pasture_feed_kg_per_1kg_product__maxValue,Natural_pasture_feed_kg_per_1kg_product__maxValue,Unmatched_pasture_feed_kg_per_1kg_product__maxValue,Supplement_feed_kg_per_1kg_product__maxValue,Common_feed_kg_per_1kg_product__maxValue,Waste_feed_kg_per_1kg_product__maxValue,Unallocated_feed_kg_per_1kg_product__maxValue,Total_feed_kg_per_1kg_product__maxValue,Proxy_total_feed_kg_per_1kg_product__maxValue,Proxy_forage_kg_per_1kg_product__maxValue,Proxy_tree_forage_kg_per_1kg_product__maxValue,Proxy_compound_feed_kg_per_1kg_product__maxValue,Proxy_mineral_kg_per_1kg_product__maxValue,Vaccinated_head_per_1kg_product__maxValue,Area_ha__maxValue,Animals_total_head__maxValue,Producing_animals_head__maxValue,Animals_sold_head__maxValue,Infrastructure_area_m2_head__maxValue,Infrastructure_area_ha__maxValue,Water_l_head_day__maxValue,Electricity_kWh_head_day__maxValue,Representative_live_weight_kg__maxValue,Live_weight_equivalent_kg__maxValue,Milk_output_l_day__maxValue,Milk_output_kg_fpcm_day__maxValue,Milk_sales_l_7d__maxValue,Milk_sales_kg_fpcm_7d__maxValue,Milk_yield_l_head_day__maxValue,Egg_output_reported__maxValue,Egg_output_kg__maxValue,Egg_sales_reported__maxValue,Egg_sales_kg__maxValue,Eggs_per_head_reported__maxValue,Birds_sold_head__maxValue,Birds_consumed_head__maxValue,Pasture_share_pct__maxValue,Cultivated_pasture_area_ha__maxValue,Natural_pasture_area_ha__maxValue,Linked_pasture_area_ha__maxValue,Cultivated_pasture_area_share_pct__maxValue,Natural_pasture_area_share_pct__maxValue,Cultivated_pasture_area_ha_per_head__maxValue,Natural_pasture_area_ha_per_head__maxValue,Cultivated_pasture_feed_share_pct__maxValue,Natural_pasture_feed_share_pct__maxValue,Unmatched_pasture_feed_share_pct__maxValue,Supplement_share_pct__maxValue,Common_feed_share_pct__maxValue,Waste_feed_share_pct__maxValue,Intake_assumption_kg_head_day__maxValue,Pasture_feed_kg_head_day__maxValue,Cultivated_pasture_feed_kg_head_day__maxValue,Natural_pasture_feed_kg_head_day__maxValue,Unmatched_pasture_feed_kg_head_day__maxValue,Supplement_feed_kg_head_day__maxValue,Common_feed_kg_head_day__maxValue,Waste_feed_kg_head_day__maxValue,Unallocated_feed_share_pct__maxValue,Unallocated_feed_kg_head_day__maxValue,Total_feed_kg_head_day__maxValue,Proxy_total_feed_kg_head_day__maxValue,Proxy_body_weight_kg__maxValue,Proxy_forage_share_pct__maxValue,Proxy_tree_forage_share_pct__maxValue,Proxy_compound_feed_share_pct__maxValue,Proxy_mineral_share_pct__maxValue,Proxy_forage_kg_head_day__maxValue,Proxy_tree_forage_kg_head_day__maxValue,Proxy_compound_feed_kg_head_day__maxValue,Proxy_mineral_kg_head_day__maxValue,Vaccinated_head__maxValue,Vaccination_share_pct__maxValue,Reference_output_kg__maxValue,Reference_output_kg_for_dfe__maxValue,Normalization_factor_to_1kg__maxValue
(unknown),(all provinces confounded),cattle_live,1.0,0.002764672364672365,2.0,0.6349473684210527,0.14095238095238094,5.483333333333334,0.0673,0.7380566666666667,0.7380566666666667,0.0,0.0,0.0,0.0,0.0,0.011211851851851853,0.0002548148148148148,2.0,,,,,,,,,,,0.0010744444444444445,0.0,0.0010744444444444445,0.0020385185185185185,0.0020296296296296295,0.0020296296296296295,0.0,0.0,7.178666666666665e-05,0.0,0.0,0.0,0.0020385185185185185,,,,,,0.0034962962962962964,4.396000000000001,6.0,2.4000000000000004,1.0,,,66.0,1.5,450.0,2700.0,,,,,,,,,,,,,92.0,4.0,0.0,4.0,100.0,0.0,0.24175,0.0,92.0,0.0,0.0,5.0,,,12.0,11.040000000000001,11.040000000000001,0.0,0.0,0.6,0.0,0.0,0.0,0.0,12.0,,,,,,,,,,,4.4,78.66666666666666,1350.0,1350.0,0.00016987654320987656,1.0,0.007731938997821352,2.0,0.901010101010101,0.36656346749226015,14.200000000000001,0.0673,1.9113200000000001,1.9113200000000001,0.0,0.0,0.0,0.0,0.0,0.048888888888888885,0.0011111111111111111,2.0,,,,,,,,,,,0.005306964380648592,0.0,0.005306964380648592,0.008888888888888889,0.008711111111111112,0.008711111111111112,0.0,0.0,0.0007619047619047619,0.0,0.0,0.0,0.008782897777777778,,,,,,0.0044444444444444444,32.318000000000005,26.200000000000003,9.200000000000003,3.200000000000001,,,66.0,1.5,450.0,11790.000000000002,,,,,,,,,,,,,100.0,22.060000000000002,0.0,22.060000000000002,100.0,0.0,1.1940669856459332,0.0,100.0,0.0,0.0,10.0,,,12.0,12.0,12.0,0.0,0.0,1.2,0.0,0.0,0.0,0.0,12.0,,,,,,,,,,,24.0,100.0,5895.000000000001,5895.000000000001,0.0007407407407407407
(unknown),(all provinces confounded),donkey_live,1.0,0.0539,,,,1.0,,,0.0,0.0,0.0,0.0,0.0,0.0,0.060000000000000005,0.0,1.0,,,,,,,,,,,,,,0.012,0.0,0.0,0.0,0.0,0.0,0.0,0.0,0.012,0.012,0.012,0.012,0.0,0.0,0.0,,14.378,1.2,,,,,18.0,0.0,180.0,216.0,,,,,,,,,,,,,0.0,,,,,,,,0.0,0.0,0.0,0.0,0.0,0.0,3.6,0.0,0.0,0.0,0.0,0.0,0.0,0.0,100.0,3.6,3.6,3.6,180.0,100.0,0.0,0.0,0.0,3.6,0.0,0.0,0.0,,,216.0,216.0,0.0033333333333333335,1.0,0.07018333333333333,,,,1.0,,,0.0,0.0,0.0,0.0,0.0,0.0,0.09000000000000001,0.0,1.0,,,,,,,,,,,,,,0.018000000000000002,0.0,0.0,0.0,0.0,0.0,0.0,0.0,0.018000000000000002,0.018000000000000002,0.018000000000000002,0.018000000000000002,0.0,0.0,0.0,,16.682,1.8,,,,,18.0,0.0,180.0,324.0,,,,,,,,,,,,,0.0,,,,,,,,0.0,0.0,0.0,0.0,0.0,0.0,3.6,0.0,0.0,0.0,0.0,0.0,0.0,0.0,100.0,3.6,3.6,3.6,180.0,100.0,0.0,0.0,0.0,3.6,0.0,0.0,0.0,,,324.0,324.0,0.005
(unknown),(all provinces confounded),horse_live,1.0,0.021099358974358974,,,,1.0,,,0.0,0.0,0.0,0.0,0.0,0.0,0.0576923076923077,0.0,1.0,,,,,,,,,,,,,,0.008653846153846154,0.0,0.0,0.0,0.0,0.0,0.0,0.0,0.008653846153846154,0.008653846153846154,0.008653846153846154,0.008653846153846154,0.0,0.0,0.0,,13.315999999999999,1.0,,,,,45.0,0.0,312.0,312.0,,,,,,,,,,,,,0.0,,,,,,,,0.0,0.0,0.0,0.0,0.0,0.0,6.75,0.0,0.0,0.0,0.0,0.0,0.0,0.0,100.0,6.75,6.75,6.75,312.0,100.0,0.0,0.0,0.0,6.75,0.0,0.0,0.0,,,312.0,312.0,0.0012820512820512823,1.0,0.1412628205128206,,,,1.0,,,0.0,0.0,0.0,0.0,0.0,0.0,0.14423076923076922,0.0,1.0,,,,,,,,,,,,,,0.021634615384615384,0.0,0.0,0.0,0.0,0.0,0.0,0.0,0.021634615384615384,0.021634615384615384,0.021634615384615384,0.021634615384615384,0.0,0.0,0.0,,52.12800000000001,2.6000000000000014,,,,,45.0,0.0,312.0,811.2000000000005,,,,,,,,,,,,,0.0,,,,,,,,0.0,0.0,0.0,0.0,0.0,0.0,6.75,0.0,0.0,0.0,0.0,0.0,0.0,0.0,100.0,6.75,6.75,6.75,312.0,100.0,0.0,0.0,0.0,6.75,0.0,0.0,0.0,,,811.2000000000005,811.2000000000005,0.003205128205128205
(unknown),(all provinces confounded),milk,1.0,0.23177887922266946,8.325538455448438,45.79046150496641,,1.0,0.0376,0.3130402459248613,0.0,0.0,0.0,0.0,0.3130402459248613,0.0,0.9302131297102256,0.02114120749341422,8.325538455448438,1.0175658112214756,1.0,6.349186676267332,6.239583333333333,,,,,,,0.11243405251112909,0.0,0.11243405251112909,0.16912965994731377,0.030446718004501435,0.030446718004501435,0.0,0.0,6.0806541935103876e-05,0.0,0.0,0.0,0.030458153264626545,,,,,,0.2532608241262339,4.396000000000001,6.0,2.0,,,,66.0,1.5,450.0,163.63636363636363,12.8,12.579038976,100.00000000000001,98.27374200000001,6.4,,,,,,,,92.0,4.0,0.0,4.0,100.0,0.0,0.24175,0.0,92.0,0.0,0.0,5.0,,,12.0,2.0072727272727273,2.0072727272727273,0.0,0.0,0.10909090909090909,0.0,0.0,0.0,0.0,2.1818181818181817,,,,,,,,,,,4.4,78.66666666666666,12.579038976,4591.34922624,0.014094138328942813,1.0,0.6454306877709909,11.100717940597916,61.05394867328854,,1.0,0.0376,0.41738699456648165,0.0,0.0,0.0,0.0,0.41738699456648165,0.0,4.253425090905768,0.0966687520660402,11.100717940597916,1.0175658112214756,1.0,7.2774126320393036,7.151785714285714,,,,,,,0.3964065970859526,0.0,0.3964065970859526,0.7733500165283216,0.13955188268180238,0.13955188268180238,0.0,0.0,0.0005217337432081021,0.0,0.0,0.0,0.13967113610882137,,,,,,0.4012447005611955,32.318000000000005,26.200000000000003,7.600000000000001,,,,66.0,1.5,450.0,621.8181818181819,68.4,67.21923952800002,500.0,491.36870999999996,9.8,,,,,,,,100.0,22.060000000000002,0.0,22.060000000000002,100.0,0.0,1.1940669856459332,0.0,100.0,0.0,0.0,10.0,,,12.0,2.1818181818181817,2.1818181818181817,0.0,0.0,0.21818181818181817,0.0,0.0,0.0,0.0,2.1818181818181817,,,,,,,,,,,24.0,100.0,67.21923952800002,24535.022427720003,0.06444583471069347
(unknown),(all provinces confounded),mule_live,1.0,0.03989142857142857,,,,1.0,,,0.0,0.0,0.0,0.0,0.0,0.0,0.07,0.0,1.0,,,,,,,,,,,,,,0.014,0.0,0.0,0.0,0.0,0.0,0.0,0.0,0.014,0.014,0.014,0.014,0.0,0.0,0.0,,16.716,1.0,,,,,35.0,0.0,350.0,350.0,,,,,,,,,,,,,0.0,,,,,,,,0.0,0.0,0.0,0.0,0.0,0.0,7.0,0.0,0.0,0.0,0.0,0.0,0.0,0.0,100.0,7.0,7.0,7.0,350.0,100.0,0.0,0.0,0.0,7.0,0.0,0.0,0.0,,,350.0,350.0,0.002,1.0,0.05530285714285715,,,,1.0,,,0.0,0.0,0.0,0.0,0.0,0.0,0.1,0.0,1.0,,,,,,,,,,,,,,0.02,0.0,0.0,0.0,0.0,0.0,0.0,0.0,0.02,0.02,0.02,0.02,0.0,0.0,0.0,,27.114,1.6,,,,,35.0,0.0,350.0,560.0,,,,,,,,,,,,,0.0,,,,,,,,0.0,0.0,0.0,0.0,0.0,0.0,7.0,0.0,0.0,0.0,0.0,0.0,0.0,0.0,100.0,7.0,7.0,7.0,350.0,100.0,0.0,0.0,0.0,7.0,0.0,0.0,0.0,,,560.0,560.0,0.002857142857142857
(unknown),(all provinces confounded),ovine_live,1.0,0.017984058930164304,2.1739130434782608,,0.7246376811594203,1.0,1.0,2.1739130434782608,0.0,0.0,0.0,2.1739130434782608,0.0,0.0,0.04555961595641623,0.0,2.1739130434782608,,,,,,,,,,,,,,0.0076252409863896645,0.00759526755483939,0.0,0.0,0.00759526755483939,8.992029465082152e-05,0.0,0.0,2.0746250530971727e-18,0.007685187849490213,0.0076252409863896645,0.005958718192194439,0.0016365493626449516,0.0,2.9973431550273838e-05,,2.42,2.0,,2.0,,,7.6,0.0,60.44,120.88,,,,,,,,,,,,,99.6069182389937,,,,,,,,0.0,0.0,99.6069182389937,0.3930817610062893,0.0,0.0,1.272,1.267,0.0,0.0,1.267,0.005,0.0,0.0,9.069112511985665e-15,1.1535911115245767e-16,1.272,1.272,60.44,78.1,21.5,0.0,0.4,0.994,0.273,0.0,0.005,,,55.6048,55.6048,0.005994686310054767,1.0,0.23744952474126935,2.1739130434782608,,2.1739130434782608,3.0,1.0,6.521739130434782,0.0,0.0,0.0,6.521739130434782,0.0,0.0,0.1366788478692487,0.0,2.1739130434782608,,,,,,,,,,,,,,0.022875722959168995,0.02278580266451817,0.0,0.0,0.02278580266451817,8.992029465082152e-05,0.0,0.0,2.0746250530971727e-18,0.022875722959168995,0.022875722959168995,0.017876154576583318,0.0049096480879348555,0.0,8.992029465082152e-05,,39.61,6.0,,2.0,,,7.6,0.0,60.44,362.64,,,,,,,,,,,,,99.6069182389937,,,,,,,,0.0,0.0,99.6069182389937,0.3930817610062893,0.0,0.0,1.272,1.267,0.0,0.0,1.267,0.005,0.0,0.0,9.069112511985665e-15,1.1535911115245767e-16,1.272,1.272,60.44,78.1,21.5,0.0,0.4,0.994,0.273,0.0,0.005,,,166.8144,166.8144,0.017984058930164304
(unknown),(all provinces confounded),swine_live,1.0,0.09385359644564749,1.5151515151515154,,1.2121212121212124,0.8,0.9372,1.1360000000000001,0.0,0.0,1.1360000000000001,0.0,0.0,0.0,0.0845890783415707,0.0007492175510253404,1.5151515151515154,,,,,,,,,,,,,,0.030210385121989536,0.0,0.0,0.0,0.0,,,0.02831317293632859,0.0,0.02831317293632859,,,,,,,6.696,1.2,,1.2,,,7.0,0.062,75.23,90.27600000000001,,,,,,,,,,,,,0.0,,,,,,,,0.0,0.0,0.0,,,100.0,2.5,0.0,0.0,0.0,0.0,,,2.5,0.0,0.0,2.5,,,,,,,,,,,,,59.58216,59.58216,0.012084154048795814,1.0,0.22164352551166322,1.5151515151515154,,2.575757575757576,1.7000000000000002,0.9372,2.4140000000000006,0.0,0.0,2.4140000000000006,0.0,0.0,0.0,0.12688361751235605,0.0011238263265380107,1.5151515151515154,,,,,,,,,,,,,,0.045315577682984304,0.0,0.0,0.0,0.0,,,0.042469759404492886,0.0,0.042469759404492886,,,,,,,11.514,1.8,,1.8,,,7.0,0.062,75.23,135.41400000000002,,,,,,,,,,,,,0.0,,,,,,,,0.0,0.0,0.0,,,100.0,2.5,0.0,0.0,0.0,0.0,,,2.5,0.0,0.0,2.5,,,,,,,,,,,,,89.37324000000001,89.37324000000001,0.01812623107319372
Costa,(all provinces confounded),cattle_live,1.0,0.0025510204081632655,2.0,0.6185567010309279,0.16666666666666666,2.924705882352942,0.0673,0.393665411764706,0.393665411764706,0.0,0.0,0.0,0.0,0.0,0.0024271844660194177,0.0,2.0,,,,,,,,,,,0.00041666666666666664,0.0,0.0011222057340428571,0.00043360433604336043,0.0003655429876859644,0.00021336329588014983,0.0,0.0,2.243333333333333e-05,0.0,0.0,0.0,0.00040787238095238096,,,,,,0.0044444444444444444,7.0,8.0,4.0,2.0,,,50.0,0.0,400.0,3600.0,,,,,,,,,,,,,80.0,1.0,0.0,2.5,100.0,0.0,0.0,0.0,80.0,0.0,0.0,5.0,,,8.0,7.2,6.4,0.0,0.0,0.6,0.0,0.0,0.0,0.0,8.0,,,,,,,,,,,8.0,100.0,1800.0,1800.0,4.545454545454545e-05,1.0,0.007692307692307693,2.0,1.0666666666666667,0.6696629213483153,11.7,0.0673,1.5748199999999999,1.5748199999999999,0.0,0.0,0.0,0.0,0.0,0.03125,0.0,2.0,,,,,,,,,,,0.006628787878787879,0.0,0.0067399999999999995,0.005555555555555556,0.005,0.004166666666666667,0.0,0.0,0.00045454545454545455,0.0,0.0,0.0,0.005333333333333334,,,,,,0.005,112.8607,105.0,50.0,30.0,,,50.0,0.0,400.0,44000.0,,,,,,,,,,,,,100.0,80.0,0.0,80.97,100.0,0.0,1.3142857142857143,0.0,100.0,0.0,0.0,20.0,,,10.0,10.0,10.0,0.0,0.0,2.4,0.0,0.0,0.0,0.0,10.0,,,,,,,,,,,117.0,100.0,22000.0,22000.0,0.0005555555555555556
Costa,(all provinces confounded),donkey_live,1.0,0.03848000000000001,,,,1.0,,,0.0,0.0,0.0,0.0,0.0,0.0,0.05,0.0,1.0,,,,,,,,,,,,,,0.01,0.0,0.0,0.0,0.0,0.0,0.0,0.0,0.01,0.01,0.01,0.01,0.0,0.0,0.0,,7.484,1.0,,,,,18.0,0.0,180.0,180.0,,,,,,,,,,,,,0.0,,,,,,,,0.0,0.0,0.0,0.0,0.0,0.0,3.6,0.0,0.0,0.0,0.0,0.0,0.0,0.0,100.0,3.6,3.6,3.6,180.0,100.0,0.0,0.0,0.0,3.6,0.0,0.0,0.0,,,180.0,180.0,0.002777777777777778,1.0,0.6000000000000039,,,,1.0,,,0.0,0.0,0.0,0.0,0.0,0.0,0.1,0.0,1.0,,,,,,,,,,,,,,0.02,0.0,0.0,0.0,0.0,0.0,0.0,0.0,0.02,0.02,0.02,0.02,0.0,0.0,0.0,,156.80000000000007,2.0,,,,,18.0,0.0,180.0,360.0,,,,,,,,,,,,,0.0,,,,,,,,0.0,0.0,0.0,0.0,0.0,0.0,3.6,0.0,0.0,0.0,0.0,0.0,0.0,0.0,100.0,3.6,3.6,3.6,180.0,100.0,0.0,0.0,0.0,3.6,0.0,0.0,0.0,,,360.0,360.0,0.005555555555555556
Costa,(all provinces confounded),eggs,1.0,1.2054760289369874e-06,0.042542906941972006,0.06381436041295802,,1.0,1.0,0.042542906941972006,0.0,0.0,0.0,0.0,0.0,0.042542906941972006,2.652028855803361e-07,1.2065536686312588e-08,0.042542906941972006,,,,,0.33917298772058113,1.0,0.3381638719397399,0.9970247755057882,0.013300901479238477,0.0007235690404705733,,,,9.676321500904155e-08,0.0,0.0,0.0,0.0,0.0,6.45088100060277e-08,0.0,0.0,6.45088100060277e-08,6.45088100060277e-08,0.0,0.0,6.45088100060277e-08,0.0,,0.06635200000000001,2320.0000000000005,2320.0000000000005,,0.286,0.06635200000000001,0.222,0.0101,1.514,2341.6533333333336,,,,,,8688.000000000002,25615.247424,9030.000000000002,26623.582440000006,3.028,4200.0,4.800000000000001,0.0,,,,,,,,0.0,0.0,0.0,0.0,99.99999999999999,0.0,0.081,0.0,0.0,0.0,0.0,0.0,0.054,0.0,0.0,0.0,0.054,0.054,,0.0,0.0,100.0,0.0,0.0,0.0,0.054,0.0,,,25615.247424,25615.247424,1.1946075927042166e-06,1.0,3.2160181568826435e-06,0.11349770371842244,0.17024655557763363,,1.0,1.0,0.11349770371842244,0.0,0.0,0.0,0.0,0.0,0.11349770371842244,8.781403318533775e-06,3.995142951224826e-07,0.11349770371842244,,,,,0.3391729877205812,1.0,0.3391729877205812,1.0,0.12561962508169675,0.0016579227455217301,,,,3.204025535140702e-06,0.0,0.0,0.0,0.0,0.0,2.1360170234271346e-06,0.0,0.0,2.1360170234271346e-06,2.1360170234271346e-06,0.0,0.0,2.1360170234271346e-06,0.0,,1.61430412,56444.200000000004,56444.200000000004,,0.286,1.61430412,0.222,0.0101,1.514,56971.01253333334,,,,,,283920.0,837094.96416,283920.0,837094.96416,8.052514285714286,25000.0,116.00000000000009,0.0,,,,,,,,0.0,0.0,0.0,0.0,99.99999999999999,0.0,0.081,0.0,0.0,0.0,0.0,0.0,0.054,0.0,0.0,0.0,0.054,0.054,,0.0,0.0,100.0,0.0,0.0,0.0,0.054,0.0,,,837094.96416,837094.96416,3.95558708042062e-05
Costa,(all provinces confounded),goat_live,1.0,0.13327032136105862,2.1739130434782608,,,1.0,1.0,0.19409937888198753,0.0,0.0,0.0,0.19409937888198753,0.0,0.0,0.08230938878386894,0.0,2.1739130434782608,,,,,,,,,,,,,,0.00875945179584121,0.008759451795841212,0.0,0.0,0.008759451795841212,0.0,0.0,0.0,0.0,0.008759451795841212,0.008759451795841212,0.006922652804032767,0.0018367989918084437,0.0,0.0,,5.44,1.0,,,,,9.5,0.0,23.0,23.0,,,,,,,,,,,,,100.00000000000001,,,,,,,,0.0,0.0,100.00000000000001,0.0,0.0,0.0,1.011,1.0110000000000001,0.0,0.0,1.0110000000000001,0.0,0.0,0.0,0.0,0.0,1.0110000000000001,1.011,23.0,79.0,21.0,0.0,0.0,0.799,0.212,0.0,0.0,,,10.58,10.58,0.008664146187775678,1.0,5.721487082545686,2.1739130434782608,,,1.0,1.0,24.34782608695653,0.0,0.0,0.0,24.34782608695653,0.0,0.0,0.8979206049149339,0.0,2.1739130434782608,,,,,,,,,,,,,,0.09555765595463137,0.09555765595463139,0.0,0.0,0.09555765595463139,0.0,0.0,0.0,0.0,0.09555765595463139,0.09555765595463139,0.07551984877126655,0.02003780718336484,0.0,0.0,,180.00000000000006,11.200000000000003,,,,,9.5,0.0,23.0,257.6000000000001,,,,,,,,,,,,,100.00000000000001,,,,,,,,0.0,0.0,100.00000000000001,0.0,0.0,0.0,1.011,1.0110000000000001,0.0,0.0,1.0110000000000001,0.0,0.0,0.0,0.0,0.0,1.0110000000000001,1.011,23.0,79.0,21.0,0.0,0.0,0.799,0.212,0.0,0.0,,,118.49600000000004,118.49600000000004,0.0945179584120983
Costa,(all provinces confounded),horse_live,1.0,0.02564102564102564,,,,1.0,,,0.0,0.0,0.0,0.0,0.0,0.0,0.028846153846153848,0.0,1.0,,,,,,,,,,,,,,0.004326923076923077,0.0,0.0,0.0,0.0,0.0,0.0,0.0,0.004326923076923077,0.004326923076923077,0.004326923076923077,0.004326923076923077,0.0,0.0,0.0,,14.558000000000002,1.0,,,,,45.0,0.0,312.0,312.0,,,,,,,,,,,,,0.0,,,,,,,,0.0,0.0,0.0,0.0,0.0,0.0,6.75,0.0,0.0,0.0,0.0,0.0,0.0,0.0,100.0,6.75,6.75,6.75,312.0,100.0,0.0,0.0,0.0,6.75,0.0,0.0,0.0,,,312.0,312.0,0.000641025641025641,1.0,0.25513333333333377,,,,1.0,,,0.0,0.0,0.0,0.0,0.0,0.0,0.14423076923076922,0.0,1.0,,,,,,,,,,,,,,0.021634615384615384,0.0,0.0,0.0,0.0,0.0,0.0,0.0,0.021634615384615384,0.021634615384615384,0.021634615384615384,0.021634615384615384,0.0,0.0,0.0,,280.0,5.0,,,,,45.0,0.0,312.0,1560.0,,,,,,,,,,,,,0.0,,,,,,,,0.0,0.0,0.0,0.0,0.0,0.0,6.75,0.0,0.0,0.0,0.0,0.0,0.0,0.0,100.0,6.75,6.75,6.75,312.0,100.0,0.0,0.0,0.0,6.75,0.0,0.0,0.0,,,1560.0,1560.0,0.003205128205128205
Costa,(all provinces confounded),milk,1.0,0.40670748720107425,13.875897425747393,76.31743584161067,,1.0,0.0376,0.521733743208102,0.0,0.0,0.0,0.0,0.521733743208102,0.0,0.6105394867328854,0.006105394867328854,13.875897425747393,1.0175658112214756,1.0,6.105394867328854,6.0,,,,,,,0.14345541050019242,0.0,0.21075823082019207,0.10175658112214757,0.015022521735822329,0.01154729854740358,0.0,0.0,6.956449909441362e-05,0.0,0.0,0.0,0.014940086252319384,,,,,,0.5653143395674864,7.5,9.0,3.0,,,,60.0,0.3,400.0,218.1818181818182,9.0,8.84463678,80.0,78.6189936,2.6,,,,,,,,80.0,1.4880000000000007,0.0,2.9460000000000015,100.0,0.0,0.0,0.0,80.0,0.0,0.0,5.0,,,8.0,1.309090909090909,1.2727272727272727,0.0,0.0,0.10909090909090909,0.0,0.0,0.0,0.0,1.4545454545454546,,,,,,,,,,,9.0,100.0,8.84463678,3228.2924247,0.010175658112214757,1.0,2.035131622442951,25.901675194728472,142.45921357100661,,1.0,0.0376,0.9739029873217906,0.0,0.0,0.0,0.0,0.9739029873217906,0.0,6.1053948673288545,0.07631743584161067,25.901675194728472,1.0175658112214756,1.0,7.12296067855033,7.000000000000001,,,,,,,1.626183229199832,0.0,1.6574581578934429,1.0175658112214756,0.15467000330566438,0.13215140405473708,0.0,0.0,0.0008347739891329634,0.0,0.0,0.0,0.15417663806385992,,,,,,1.7298618790765086,118.40000000000009,110.40000000000009,30.0,,,,60.0,0.6,400.0,2181.818181818182,100.0,98.273742,800.0,786.189936,5.555555555555555,,,,,,,,100.0,80.0,0.0,83.91800000000003,100.0,0.0,1.2807371428571432,0.0,100.0,0.0,0.0,20.0,,,10.0,1.8181818181818181,1.8181818181818181,0.0,0.0,0.43636363636363634,0.0,0.0,0.0,0.0,1.8181818181818181,,,,,,,,,,,120.0,100.0,98.273742,35869.91583,0.10175658112214757
Costa,(all provinces confounded),mule_live,1.0,0.029714285714285714,,,,1.0,,,0.0,0.0,0.0,0.0,0.0,0.0,0.03333333333333333,0.0,1.0,,,,,,,,,,,,,,0.006666666666666666,0.0,0.0,0.0,0.0,0.0,0.0,0.0,0.006666666666666666,0.006666666666666666,0.006666666666666666,0.006666666666666666,0.0,0.0,0.0,,15.0,1.0,,,,,35.0,0.0,350.0,350.0,,,,,,,,,,,,,0.0,,,,,,,,0.0,0.0,0.0,0.0,0.0,0.0,7.0,0.0,0.0,0.0,0.0,0.0,0.0,0.0,100.0,7.0,7.0,7.0,350.0,100.0,0.0,0.0,0.0,7.0,0.0,0.0,0.0,,,350.0,350.0,0.0009523809523809524,1.0,0.24,,,,1.0,,,0.0,0.0,0.0,0.0,0.0,0.0,0.1,0.0,1.0,,,,,,,,,,,,,,0.02,0.0,0.0,0.0,0.0,0.0,0.0,0.0,0.02,0.02,0.02,0.02,0.0,0.0,0.0,,234.21200000000027,3.0,,,,,35.0,0.0,350.0,1050.0,,,,,,,,,,,,,0.0,,,,,,,,0.0,0.0,0.0,0.0,0.0,0.0,7.0,0.0,0.0,0.0,0.0,0.0,0.0,0.0,100.0,7.0,7.0,7.0,350.0,100.0,0.0,0.0,0.0,7.0,0.0,0.0,0.0,,,1050.0,1050.0,0.002857142857142857
Costa,(all provinces confounded),ovine_live,1.0,0.03204245471100131,2.1739130434782608,,0.43478260869565216,2.0,1.0,4.3478260869565215,0.0,0.0,0.0,4.3478260869565215,0.0,0.0,0.029765615758191935,0.0,2.1739130434782608,,,,,,,,,,,,,,0.004981824111107914,0.004962241469161735,0.0,0.0,0.004962241469161735,8.992029465082152e-05,0.0,0.0,2.0746250530971727e-18,0.005052161763812558,0.004981824111107914,0.0038930292189003667,0.0010692122502613684,0.0,1.958264194617891e-05,,3.244,4.0,,1.8000000000000007,,,7.6,0.0,60.44,241.76,,,,,,,,,,,,,99.6069182389937,,,,,,,,0.0,0.0,99.6069182389937,0.3930817610062893,0.0,0.0,1.272,1.267,0.0,0.0,1.267,0.005,0.0,0.0,9.069112511985665e-15,1.1535911115245767e-16,1.272,1.272,60.44,78.1,21.5,0.0,0.4,0.994,0.273,0.0,0.005,,,111.2096,111.2096,0.0039165283892357815,1.0,0.12355048485022894,2.1739130434782608,,1.0869565217391304,5.0,1.0,10.869565217391305,0.0,0.0,0.0,10.869565217391305,0.0,0.0,0.06833942393462435,0.0,2.1739130434782608,,,,,,,,,,,,,,0.011437861479584498,0.011392901332259085,0.0,0.0,0.011392901332259085,0.00010790435358098607,0.0,0.0,2.489550063716613e-18,0.011572741921560731,0.011437861479584498,0.008938077288291659,0.0024548240439674278,0.0,4.496014732541076e-05,,20.234,9.200000000000003,,2.0,,,7.6,0.0,60.44,556.0480000000002,,,,,,,,,,,,,99.6069182389937,,,,,,,,0.0,0.0,99.6069182389937,0.3930817610062893,0.0,0.0,1.272,1.267,0.0,0.0,1.267,0.005,0.0,0.0,9.069112511985665e-15,1.1535911115245767e-16,1.272,1.272,60.44,78.1,21.5,0.0,0.4,0.994,0.273,0.0,0.005,,,255.7820800000001,255.7820800000001,0.008992029465082152
Costa,(all provinces confounded),swine_live,1.0,0.010613915306192327,1.5151515151515151,,0.1515151515151515,1.0,0.9372,1.4200000000000002,0.0,0.0,1.4200000000000002,0.0,0.0,0.0,0.01007012837399651,8.91925655982548e-05,1.5151515151515151,,,,,,,,,,,,,,0.003596474419284468,0.0,0.0,0.0,0.0,0.004718862156054765,0.00943772431210953,0.0047188621560547645,0.0,0.023594310780273825,,,,,,,3.0,2.0,,1.0,,,7.0,0.062,75.23,150.46,,,,,,,,,,,,,0.0,,,,,,,,0.0,0.0,0.0,20.0,30.0,10.0,2.5,0.0,0.0,0.0,0.0,0.5,0.75,0.25,0.0,0.0,2.5,,,,,,,,,,,,,99.3036,99.3036,0.0014385897677137872,1.0,0.3021038512198953,1.5151515151515154,,1.5151515151515154,10.0,0.9372,14.199999999999998,0.0,0.0,14.199999999999998,0.0,0.0,0.0,0.07049089861797558,0.0006243479591877837,1.5151515151515154,,,,,,,,,,,,,,0.02517532093499128,0.0,0.0,0.0,0.0,0.02359431078027383,0.023594310780273825,0.01887544862421906,0.0,0.04718862156054765,,,,,,,60.0,14.0,,2.0,,,7.0,0.062,75.23,1053.22,,,,,,,,,,,,,0.0,,,,,,,,0.0,0.0,0.0,80.0,80.0,70.0,2.5,0.0,0.0,0.0,0.0,2.0,2.0,1.75,0.0,0.0,2.5,,,,,,,,,,,,,695.1252000000001,695.1252000000001,0.010070128373996512
Oriente,(all provinces confounded),cattle_live,1.0,0.002777777777777778,2.0,0.5454545454545454,0.1694915254237288,3.030769230769231,0.0673,0.4079415384615385,0.4079415384615385,0.0,0.0,0.0,0.0,0.0,0.008064516129032258,0.0,2.0,,,,,,,,,,,0.0,0.0,0.00045249101181304573,0.001423558897243108,0.00125,0.0010276447876447876,0.0,0.0,2.8041666666666666e-05,0.0,0.0,0.0,0.0013568862382445143,,,,,,0.0044444444444444444,6.0,6.0,2.0,1.0,,,50.0,0.0,400.0,2400.0,,,,,,,,,,,,,90.0,0.0,0.0,1.0,100.0,0.0,0.0,0.0,80.0,0.0,0.0,2.0,,,8.0,7.2,7.2,0.0,0.0,0.24,0.0,0.0,0.0,0.0,8.0,,,,,,,,,,,7.0,100.0,1200.0,1200.0,0.00015151515151515152,1.0,0.01,2.0,1.0,0.6600000000000004,11.8,0.0673,1.5882800000000001,1.5882800000000001,0.0,0.0,0.0,0.0,0.0,0.04166666666666667,0.0,2.0,,,,,,,,,,,0.0075,0.0,0.0075,0.008,0.007,0.005625,0.0,0.0,0.0005,0.0,0.0,0.0,0.007619047619047619,,,,,,0.005,40.0,31.0,15.0,7.600000000000023,,,50.0,0.0,400.0,13200.0,,,,,,,,,,,,,99.0,30.0,0.0,30.0,100.0,0.0,1.5,0.0,98.60000000000002,0.0,0.0,10.0,,,10.0,9.8,9.8,0.0,0.0,1.2,0.0,0.0,0.0,0.0,10.0,,,,,,,,,,,31.0,100.0,6600.0,6600.0,0.0008333333333333334
Oriente,(all provinces confounded),donkey_live,1.0,0.04866666666666667,,,,1.0,,,0.0,0.0,0.0,0.0,0.0,0.0,0.05,0.0,1.0,,,,,,,,,,,,,,0.01,0.0,0.0,0.0,0.0,0.0,0.0,0.0,0.01,0.01,0.01,0.01,0.0,0.0,0.0,,12.47,1.0,,,,,18.0,0.0,180.0,180.0,,,,,,,,,,,,,0.0,,,,,,,,0.0,0.0,0.0,0.0,0.0,0.0,3.6,0.0,0.0,0.0,0.0,0.0,0.0,0.0,100.0,3.6,3.6,3.6,180.0,100.0,0.0,0.0,0.0,3.6,0.0,0.0,0.0,,,180.0,180.0,0.002777777777777778,1.0,0.2696388888888889,,,,1.0,,,0.0,0.0,0.0,0.0,0.0,0.0,0.1,0.0,1.0,,,,,,,,,,,,,,0.02,0.0,0.0,0.0,0.0,0.0,0.0,0.0,0.02,0.02,0.02,0.02,0.0,0.0,0.0,,65.02,2.0,,,,,18.0,0.0,180.0,360.0,,,,,,,,,,,,,0.0,,,,,,,,0.0,0.0,0.0,0.0,0.0,0.0,3.6,0.0,0.0,0.0,0.0,0.0,0.0,0.0,100.0,3.6,3.6,3.6,180.0,100.0,0.0,0.0,0.0,3.6,0.0,0.0,0.0,,,360.0,360.0,0.005555555555555556
Oriente,(all provinces confounded),eggs,1.0,7.293494322412497e-09,0.0002573974453177744,0.0003860961679766616,,1.0,1.0,0.0002573974453177744,0.0,0.0,0.0,0.0,0.0,0.0002573974453177744,5.661383704809701e-07,2.5756745684044133e-08,0.0002573974453177744,,,,,0.3391729877205812,1.0,0.3391729877205812,1.0,0.0890010321161525,,,,,2.0656400004035394e-07,0.0,0.0,0.0,0.0,0.0,1.3770933336023596e-07,0.0,0.0,1.3770933336023596e-07,1.3770933336023596e-07,0.0,0.0,1.3770933336023596e-07,0.0,,0.00061776,21.6,21.6,,0.286,0.00061776,0.222,0.00602,1.514,21.801600000000004,,,,,,133000.0,392130.284,133000.0,392130.284,1330.0,34900.0,,0.0,,,,,,,,0.0,0.0,0.0,0.0,99.99999999999999,0.0,0.081,0.0,0.0,0.0,0.0,0.0,0.054,0.0,0.0,0.0,0.054,0.054,,0.0,0.0,100.0,0.0,0.0,0.0,0.054,0.0,,,392130.284,392130.284,2.5501728400043697e-06,1.0,7.293494322412497e-09,0.0002573974453177744,0.0003860961679766616,,1.0,1.0,0.0002573974453177744,0.0,0.0,0.0,0.0,0.0,0.0002573974453177744,5.661383704809701e-07,2.5756745684044133e-08,0.0002573974453177744,,,,,0.3391729877205812,1.0,0.3391729877205812,1.0,0.0890010321161525,,,,,2.0656400004035394e-07,0.0,0.0,0.0,0.0,0.0,1.3770933336023596e-07,0.0,0.0,1.3770933336023596e-07,1.3770933336023596e-07,0.0,0.0,1.3770933336023596e-07,0.0,,0.00229944,80.4,80.4,,0.286,0.00229944,0.222,0.00908,1.514,81.1504,,,,,,133000.0,392130.284,133000.0,392130.284,1330.0,34900.0,,0.0,,,,,,,,0.0,0.0,0.0,0.0,99.99999999999999,0.0,0.081,0.0,0.0,0.0,0.0,0.0,0.054,0.0,0.0,0.0,0.054,0.054,,0.0,0.0,100.0,0.0,0.0,0.0,0.054,0.0,,,392130.284,392130.284,2.5501728400043697e-06
Oriente,(all provinces confounded),goat_live,1.0,1.210396975425331,2.1739130434782608,,,1.0,1.0,1.1705685618729096,0.0,0.0,0.0,1.1705685618729096,0.0,0.0,0.41902961562696917,0.0,2.1739130434782608,,,,,,,,,,,,,,0.04459357277882797,0.044593572778827986,0.0,0.0,0.044593572778827986,0.0,0.0,0.0,0.0,0.044593572778827986,0.044593572778827986,0.03524259609325772,0.009350976685570257,0.0,0.0,,13.606000000000002,1.4,,,,,9.5,0.0,23.0,32.2,,,,,,,,,,,,,100.00000000000001,,,,,,,,0.0,0.0,100.00000000000001,0.0,0.0,0.0,1.011,1.0110000000000001,0.0,0.0,1.0110000000000001,0.0,0.0,0.0,0.0,0.0,1.0110000000000001,1.011,23.0,79.0,21.0,0.0,0.0,0.799,0.212,0.0,0.0,,,14.812000000000001,14.812000000000001,0.04410838059231254,1.0,4.699810964083176,2.1739130434782608,,,1.0,1.0,4.037267080745342,0.0,0.0,0.0,4.037267080745342,0.0,0.0,0.7781978575929427,0.0,2.1739130434782608,,,,,,,,,,,,,,0.08281663516068052,0.08281663516068055,0.0,0.0,0.08281663516068055,0.0,0.0,0.0,0.0,0.08281663516068055,0.08281663516068055,0.06545053560176434,0.017366099558916194,0.0,0.0,,49.92400000000001,2.6,,,,,9.5,0.0,23.0,59.800000000000004,,,,,,,,,,,,,100.00000000000001,,,,,,,,0.0,0.0,100.00000000000001,0.0,0.0,0.0,1.011,1.0110000000000001,0.0,0.0,1.0110000000000001,0.0,0.0,0.0,0.0,0.0,1.0110000000000001,1.011,23.0,79.0,21.0,0.0,0.0,0.799,0.212,0.0,0.0,,,27.508000000000003,27.508000000000003,0.08191556395715187
Oriente,(all provinces confounded),horse_live,1.0,0.028846153846153844,,,,1.0,,,0.0,0.0,0.0,0.0,0.0,0.0,0.04807692307692308,0.0,1.0,,,,,,,,,,,,,,0.007211538461538462,0.0,0.0,0.0,0.0,0.0,0.0,0.0,0.007211538461538462,0.007211538461538462,0.007211538461538462,0.007211538461538462,0.0,0.0,0.0,,15.016,1.0,,,,,45.0,0.0,312.0,312.0,,,,,,,,,,,,,0.0,,,,,,,,0.0,0.0,0.0,0.0,0.0,0.0,6.75,0.0,0.0,0.0,0.0,0.0,0.0,0.0,100.0,6.75,6.75,6.75,312.0,100.0,0.0,0.0,0.0,6.75,0.0,0.0,0.0,,,312.0,312.0,0.0010683760683760685,1.0,0.19296153846153852,,,,1.0,,,0.0,0.0,0.0,0.0,0.0,0.0,0.14423076923076922,0.0,1.0,,,,,,,,,,,,,,0.021634615384615384,0.0,0.0,0.0,0.0,0.0,0.0,0.0,0.021634615384615384,0.021634615384615384,0.021634615384615384,0.021634615384615384,0.0,0.0,0.0,,83.74000000000005,3.0,,,,,45.0,0.0,312.0,936.0,,,,,,,,,,,,,0.0,,,,,,,,0.0,0.0,0.0,0.0,0.0,0.0,6.75,0.0,0.0,0.0,0.0,0.0,0.0,0.0,100.0,6.75,6.75,6.75,312.0,100.0,0.0,0.0,0.0,6.75,0.0,0.0,0.0,,,936.0,936.0,0.003205128205128205
Oriente,(all provinces confounded),milk,1.0,0.4320293701357465,12.334131045108796,67.83772074809838,,1.0,0.0376,0.46376332729609077,0.0,0.0,0.0,0.0,0.46376332729609077,0.0,1.2210789734657708,0.015263487168322135,12.334131045108796,1.0175658112214756,1.0,5.291342218351674,5.200000000000001,,,,,,,0.04506362878266537,0.0,0.08553451746499362,0.20351316224429514,0.034874755530045126,0.02955838228104308,0.0,0.0,9.275266545921816e-05,0.0,0.0,0.0,0.03516344820128693,,,,,,0.5087829056107378,7.0,7.0,2.0,,,,60.0,0.3,400.0,145.45454545454547,7.0,6.8791619399999995,70.0,68.7916194,2.5142857142857147,,,,,,,,90.0,0.2700000000000003,0.0,1.4435195216220005,100.0,0.0,0.0,0.0,80.0,0.0,0.0,3.200000000000003,,,8.0,1.309090909090909,1.309090909090909,0.0,0.0,0.05527272727272728,0.0,0.0,0.0,0.0,1.4545454545454546,,,,,,,,,,,8.0,90.3225806451613,6.8791619399999995,2510.8941081,0.020351316224429514,1.0,2.206082678728161,25.90167519472847,142.4592135710066,,1.0,0.0376,0.9739029873217905,0.0,0.0,0.0,0.0,0.9739029873217905,0.0,7.631743584161067,0.08625081637972513,25.90167519472847,1.0175658112214756,1.0,7.12296067855033,7.000000000000001,,,,,,,1.6250526005206969,0.0,1.6250526005206969,1.2719572640268444,0.2098035690773007,0.17613139132415365,0.0,0.0,0.0008347739891329634,0.0,0.0,0.0,0.21040182376951264,,,,,,1.9079358960402668,40.0,35.0,10.0,,,,60.0,0.6,400.0,730.9090909090907,50.0,49.136871,455.0,447.1455261,6.0,,,,,,,,99.0,32.0,0.0,32.0,100.0,0.0,1.4285714285714286,0.0,98.0,0.0,0.0,10.0,,,10.0,1.8,1.8,0.0,0.0,0.21818181818181817,0.0,0.0,0.0,0.0,1.8181818181818181,,,,,,,,,,,35.0,100.0,49.136871,17934.957915,0.12719572640268445
Oriente,(all provinces confounded),mule_live,1.0,0.04102857142857143,,,,1.0,,,0.0,0.0,0.0,0.0,0.0,0.0,0.04000000000000001,0.0,1.0,,,,,,,,,,,,,,0.008,0.0,0.0,0.0,0.0,0.0,0.0,0.0,0.008,0.008,0.008,0.008,0.0,0.0,0.0,,23.756,1.0,,,,,35.0,0.0,350.0,350.0,,,,,,,,,,,,,0.0,,,,,,,,0.0,0.0,0.0,0.0,0.0,0.0,7.0,0.0,0.0,0.0,0.0,0.0,0.0,0.0,100.0,7.0,7.0,7.0,350.0,100.0,0.0,0.0,0.0,7.0,0.0,0.0,0.0,,,350.0,350.0,0.001142857142857143,1.0,0.2114628571428572,,,,1.0,,,0.0,0.0,0.0,0.0,0.0,0.0,0.1,0.0,1.0,,,,,,,,,,,,,,0.02,0.0,0.0,0.0,0.0,0.0,0.0,0.0,0.02,0.02,0.02,0.02,0.0,0.0,0.0,,132.16800000000003,2.6000000000000014,,,,,35.0,0.0,350.0,910.0000000000005,,,,,,,,,,,,,0.0,,,,,,,,0.0,0.0,0.0,0.0,0.0,0.0,7.0,0.0,0.0,0.0,0.0,0.0,0.0,0.0,100.0,7.0,7.0,7.0,350.0,100.0,0.0,0.0,0.0,7.0,0.0,0.0,0.0,,,910.0000000000005,910.0000000000005,0.002857142857142857
Oriente,(all provinces confounded),ovine_live,1.0,0.03339896658459084,2.1739130434782608,,0.26086956521739124,1.5,1.0,3.260869565217391,0.0,0.0,0.0,3.260869565217391,0.0,0.0,0.010934307829539894,0.0,2.1739130434782608,,,,,,,,,,,,,,0.0018300578367335192,0.0018228642131614533,0.0,0.0,0.0018228642131614533,8.992029465082152e-05,0.0,0.0,2.0746250530971727e-18,0.0018828110762620022,0.0018300578367335192,0.0014300923661266652,0.0003927718470347884,0.0,7.19362357206572e-06,,12.26,3.0,,2.0,,,7.6,0.0,60.44,181.32,,,,,,,,,,,,,99.6069182389937,,,,,,,,0.0,0.0,99.6069182389937,0.3930817610062893,0.0,0.0,1.272,1.267,0.0,0.0,1.267,0.005,0.0,0.0,9.069112511985665e-15,1.1535911115245767e-16,1.272,1.272,60.44,78.1,21.5,0.0,0.4,0.994,0.273,0.0,0.005,,,83.4072,83.4072,0.001438724714413144,1.0,0.8323022472880041,2.1739130434782608,,1.4492753623188406,8.333333333333334,1.0,18.115942028985508,0.0,0.0,0.0,18.115942028985508,0.0,0.0,0.09111923191283246,0.0,2.1739130434782608,,,,,,,,,,,,,,0.015250481972779329,0.01519053510967878,0.0,0.0,0.01519053510967878,8.992029465082152e-05,0.0,0.0,2.0746250530971727e-18,0.015370375698980426,0.015250481972779329,0.011917436384388878,0.003273098725289903,0.0,5.9946863100547675e-05,,65.0,25.0,,2.0,,,7.6,0.0,60.44,1511.0,,,,,,,,,,,,,99.6069182389937,,,,,,,,0.0,0.0,99.6069182389937,0.3930817610062893,0.0,0.0,1.272,1.267,0.0,0.0,1.267,0.005,0.0,0.0,9.069112511985665e-15,1.1535911115245767e-16,1.272,1.272,60.44,78.1,21.5,0.0,0.4,0.994,0.273,0.0,0.005,,,695.0600000000001,695.0600000000001,0.011989372620109535
Oriente,(all provinces confounded),swine_live,1.0,0.041832655949364715,1.5151515151515151,,0.25252525252525254,1.0,0.9372,1.4200000000000002,0.0,0.0,1.4200000000000002,0.0,0.0,0.0,0.017622724654493896,0.00015608698979694593,1.5151515151515151,,,,,,,,,,,,,,0.00629383023374782,0.0,0.0,0.0,0.0,0.0023594310780273827,0.008022065665293114,0.00424697594044929,0.0,0.023594310780273825,,,,,,,8.004,2.0,,1.0,,,7.0,0.062,75.23,150.46,,,,,,,,,,,,,0.0,,,,,,,,0.0,0.0,0.0,10.0,27.00000000000003,10.0,2.5,0.0,0.0,0.0,0.0,0.25,0.6750000000000007,0.25,0.0,0.0,2.5,,,,,,,,,,,,,99.3036,99.3036,0.002517532093499128,1.0,0.5036272602403136,1.5151515151515154,,1.5151515151515154,6.0,0.9372,8.52,0.0,0.0,8.52,0.0,0.0,0.0,0.07049089861797558,0.0006243479591877837,1.5151515151515154,,,,,,,,,,,,,,0.02517532093499128,0.0,0.0,0.0,0.0,0.01887544862421906,0.02359431078027382,0.021234879702246443,0.0,0.04718862156054765,,,,,,,70.378,8.0,,2.0,,,7.0,0.062,75.23,601.84,,,,,,,,,,,,,0.0,,,,,,,,0.0,0.0,0.0,50.0,80.0,80.0,2.5,0.0,0.0,0.0,0.0,1.25,2.0,2.0,0.0,0.0,2.5,,,,,,,,,,,,,397.2144,397.2144,0.010070128373996512
Sierra,(all provinces confounded),cattle_live,1.0,0.0005964292497625832,2.0,0.6666666666666666,0.2222222222222222,2.0,0.0673,0.2692,0.2692,0.0,0.0,0.0,0.0,0.0,0.017857142857142856,0.0,2.0,,,,,,,,,,,0.0,0.0,0.0001904862510118413,0.003333333333333333,0.0028235294117647065,0.0,0.0,0.0,0.00010768,0.0,0.0,0.0,0.003137254901960785,,,,,,0.00400246913580247,0.5,2.0,2.0,1.0,,,50.0,0.0,400.0,900.0,,,,,,,,,,,,,80.0,0.0,0.0,0.17,0.0,0.0,0.0,0.0,0.0,0.0,0.0,5.0,,,8.0,8.0,0.0,0.0,0.0,0.6,0.0,0.0,0.0,0.0,8.0,,,,,,,,,,,2.0,85.71428571428571,450.0,450.0,0.0003125,1.0,0.004622222222222222,2.0,1.2487012987013,1.0,9.0,0.0673,1.2114,1.2114,0.0,0.0,0.0,0.0,0.0,0.125,0.0016666666666666666,2.0,,,,,,,,,,,0.002265151515151515,0.00031611335852903705,0.002777777777777778,0.02,0.017777777777777778,0.012,0.006,0.0,0.0016666666666666668,0.0,0.0,0.0,0.02,,,,,,0.005,11.124000000000006,15.0,8.0,7.0,,,66.0,1.5,450.0,6400.0,,,,,,,,,,,,,100.0,5.0,0.33372230102740014,5.798525103401033,100.0,100.0,0.43478260869565216,0.05253632346294858,97.0,90.0,0.0,20.0,,,12.0,11.4,10.8,8.0,0.0,2.4,0.0,0.0,0.0,0.0,12.0,,,,,,,,,,,16.0,100.0,3200.0,3200.0,0.0022222222222222222
Sierra,(all provinces confounded),donkey_live,1.0,0.004277777777777778,,,,1.0,,,0.0,0.0,0.0,0.0,0.0,0.0,0.1,0.0,1.0,,,,,,,,,,,,,,0.02,0.0,0.0,0.0,0.0,0.0,0.0,0.0,0.02,0.02,0.02,0.02,0.0,0.0,0.0,,0.86,1.0,,,,,18.0,0.0,180.0,180.0,,,,,,,,,,,,,0.0,,,,,,,,0.0,0.0,0.0,0.0,0.0,0.0,3.6,0.0,0.0,0.0,0.0,0.0,0.0,0.0,100.0,3.6,3.6,3.6,180.0,100.0,0.0,0.0,0.0,3.6,0.0,0.0,0.0,,,180.0,180.0,0.005555555555555556,1.0,0.07202222222222229,,,,1.0,,,0.0,0.0,0.0,0.0,0.0,0.0,0.1,0.0,1.0,,,,,,,,,,,,,,0.02,0.0,0.0,0.0,0.0,0.0,0.0,0.0,0.02,0.02,0.02,0.02,0.0,0.0,0.0,,16.016000000000002,1.0,,,,,18.0,0.0,180.0,180.0,,,,,,,,,,,,,0.0,,,,,,,,0.0,0.0,0.0,0.0,0.0,0.0,3.6,0.0,0.0,0.0,0.0,0.0,0.0,0.0,100.0,3.6,3.6,3.6,180.0,100.0,0.0,0.0,0.0,3.6,0.0,0.0,0.0,,,180.0,180.0,0.005555555555555556
Sierra,(all provinces confounded),eggs,1.0,1.5397376902870825e-06,0.05433946067819682,0.08150919101729522,,1.0,1.0,0.05433946067819682,0.0,0.0,0.0,0.0,0.0,0.05433946067819682,2.1848557726555684e-07,9.940109596315873e-09,0.05433946067819682,,,,,0.33917298772058113,1.0,0.33455838924819226,0.9863945578231292,0.011400772696490123,,,,,7.971771062391939e-08,0.0,0.0,0.0,0.0,0.0,5.314514041594626e-08,0.0,0.0,5.314514041594626e-08,5.314514041594626e-08,0.0,0.0,5.314514041594626e-08,0.0,,0.27118519999999996,9482.0,9482.0,,0.286,0.27118519999999996,0.222,0.0101,1.514,9570.498666666666,,,,,,42000.0,123830.616,34740.0,102425.60952,3.805558441558442,5000.0,,0.0,,,,,,,,0.0,0.0,0.0,0.0,99.99999999999999,0.0,0.081,0.0,0.0,0.0,0.0,0.0,0.054,0.0,0.0,0.0,0.054,0.054,,0.0,0.0,100.0,0.0,0.0,0.0,0.054,0.0,,,123830.616,123830.616,9.841692669619676e-07,1.0,2.5490131541822583e-06,0.08995817984689836,0.13493726977034753,,1.0,1.0,0.08995817984689836,0.0,0.0,0.0,0.0,0.0,0.08995817984689836,1.7927715065230718e-06,8.156302799947309e-08,0.08995817984689836,,,,,0.3391729877205812,1.0,0.3389532418412129,0.9993521126760564,0.04687299443346893,,,,,6.541193334611209e-07,0.0,0.0,0.0,0.0,0.0,4.360795556407472e-07,0.0,0.0,4.360795556407472e-07,4.360795556407472e-07,0.0,0.0,4.360795556407472e-07,0.0,,2.288,80000.0,80000.0,,0.286,2.288,0.222,0.0101,1.514,80746.66666666667,,,,,,345239.9999999998,1017887.6635199996,315000.0,928729.62,6.3,40000.0,,0.0,,,,,,,,0.0,0.0,0.0,0.0,99.99999999999999,0.0,0.081,0.0,0.0,0.0,0.0,0.0,0.054,0.0,0.0,0.0,0.054,0.054,,0.0,0.0,100.0,0.0,0.0,0.0,0.054,0.0,,,1017887.6635199996,1017887.6635199996,8.075547326680504e-06
Sierra,(all provinces confounded),goat_live,1.0,0.029064272211720227,2.1739130434782608,,,1.0,1.0,0.28985507246376807,0.0,0.0,0.0,0.28985507246376807,0.0,0.0,0.05986137366099559,0.0,2.1739130434782608,,,,,,,,,,,,,,0.006370510396975424,0.006370510396975426,0.0,0.0,0.006370510396975426,0.0,0.0,0.0,0.0,0.006370510396975426,0.006370510396975425,0.005034656584751103,0.0013358538122243224,0.0,0.0,,1.02,2.0,,,,,9.5,0.0,23.0,46.0,,,,,,,,,,,,,100.00000000000001,,,,,,,,0.0,0.0,100.00000000000001,0.0,0.0,0.0,1.011,1.0110000000000001,0.0,0.0,1.0110000000000001,0.0,0.0,0.0,0.0,0.0,1.0110000000000001,1.011,23.0,79.0,21.0,0.0,0.0,0.799,0.212,0.0,0.0,,,21.16,21.16,0.00630119722747322,1.0,0.3788279773156899,2.1739130434782608,,,1.0,1.0,16.304347826086957,0.0,0.0,0.0,16.304347826086957,0.0,0.0,0.44896030245746693,0.0,2.1739130434782608,,,,,,,,,,,,,,0.04777882797731568,0.047778827977315697,0.0,0.0,0.047778827977315697,0.0,0.0,0.0,0.0,0.047778827977315697,0.047778827977315697,0.037759924385633276,0.01001890359168242,0.0,0.0,,30.02,15.0,,,,,9.5,0.0,23.0,345.0,,,,,,,,,,,,,100.00000000000001,,,,,,,,0.0,0.0,100.00000000000001,0.0,0.0,0.0,1.011,1.0110000000000001,0.0,0.0,1.0110000000000001,0.0,0.0,0.0,0.0,0.0,1.0110000000000001,1.011,23.0,79.0,21.0,0.0,0.0,0.799,0.212,0.0,0.0,,,158.70000000000002,158.70000000000002,0.04725897920604915
Sierra,(all provinces confounded),horse_live,1.0,0.006346153846153846,,,,1.0,,,0.0,0.0,0.0,0.0,0.0,0.0,0.04807692307692308,0.0,1.0,,,,,,,,,,,,,,0.007211538461538462,0.0,0.0,0.0,0.0,0.0,0.0,0.0,0.007211538461538462,0.007211538461538462,0.007211538461538462,0.007211538461538462,0.0,0.0,0.0,,2.8,1.0,,,,,45.0,0.0,312.0,312.0,,,,,,,,,,,,,0.0,,,,,,,,0.0,0.0,0.0,0.0,0.0,0.0,6.75,0.0,0.0,0.0,0.0,0.0,0.0,0.0,100.0,6.75,6.75,6.75,312.0,100.0,0.0,0.0,0.0,6.75,0.0,0.0,0.0,,,312.0,312.0,0.0010683760683760685,1.0,0.08231999999999999,,,,1.0,,,0.0,0.0,0.0,0.0,0.0,0.0,0.14423076923076922,0.0,1.0,,,,,,,,,,,,,,0.021634615384615384,0.0,0.0,0.0,0.0,0.0,0.0,0.0,0.021634615384615384,0.021634615384615384,0.021634615384615384,0.021634615384615384,0.0,0.0,0.0,,57.0,3.0,,,,,45.0,0.0,312.0,936.0,,,,,,,,,,,,,0.0,,,,,,,,0.0,0.0,0.0,0.0,0.0,0.0,6.75,0.0,0.0,0.0,0.0,0.0,0.0,0.0,100.0,6.75,6.75,6.75,312.0,100.0,0.0,0.0,0.0,6.75,0.0,0.0,0.0,,,936.0,936.0,0.003205128205128205
Sierra,(all provinces confounded),meat_poultry,1.0,5.999999999999999e-06,1.3333333333333333,,0.0,1.0,1.0,0.15304560759106214,0.0,0.15304560759106214,0.0,0.0,0.0,0.0,1.0521885521885523e-06,1.9130700948882768e-08,1.3333333333333333,,,,,,,,,0.0,,,,,2.6017753290480566e-07,0.0,0.0,0.0,0.0,0.0,2.6017753290480566e-07,0.0,0.0,2.6017753290480566e-07,2.6017753290480566e-07,0.0,0.0,2.6017753290480566e-07,0.0,,0.18,20000.0,,0.0,0.09,0.18,0.275,0.005,2.0,40000.0,,,,,,,,,,,0.0,,0.0,,,,,,,,0.0,0.0,0.0,0.0,100.0,0.0,0.068,0.0,0.0,0.0,0.0,0.0,0.068,0.0,0.0,0.0,0.068,0.068,2.0,0.0,0.0,100.0,0.0,0.0,0.0,0.068,0.0,,,30000.0,30000.0,3.8261401897765535e-06,1.0,6e-06,1.3333333333333335,,0.0,1.0,1.0,11.616,0.0,11.616,0.0,0.0,0.0,0.0,9.166666666666668e-06,1.6666666666666668e-07,1.3333333333333335,,,,,,,,,0.0,,,,,2.266666666666667e-06,0.0,0.0,0.0,0.0,0.0,2.266666666666667e-06,0.0,0.0,2.266666666666667e-06,2.266666666666667e-06,0.0,0.0,2.266666666666667e-06,0.0,,1.5681599999999998,174240.0,,0.0,0.09,1.5681599999999998,0.275,0.005,2.0,348480.0,,,,,,,,,,,0.0,,0.0,,,,,,,,0.0,0.0,0.0,0.0,100.0,0.0,0.068,0.0,0.0,0.0,0.0,0.0,0.068,0.0,0.0,0.0,0.068,0.068,2.0,0.0,0.0,100.0,0.0,0.0,0.0,0.068,0.0,,,261360.0,261360.0,3.3333333333333335e-05
Sierra,(all provinces confounded),milk,1.0,0.04239857546756149,8.325538455448436,45.79046150496641,,1.0,0.0376,0.31304024592486124,0.0,0.0,0.0,0.0,0.31304024592486124,0.0,1.343186870812348,0.021804981669031623,8.325538455448436,1.0175658112214756,1.0,6.030019622053189,5.925925925925926,,,,,,,0.0,0.0,0.013843599531854605,0.2442157946931542,0.03636442083988972,0.0,0.0,0.0,0.00013912899818882722,0.0,0.0,0.0,0.03585620700556652,,,,,,0.20351316224429514,0.69,3.0,1.0,,,,60.0,0.6,400.0,81.81818181818181,5.0,4.9136871,51.0,50.11960842,3.111111111111111,,,,,,,,80.0,0.0,0.0,0.23,0.0,0.0,0.0,0.0,0.0,0.0,0.0,5.0,,,10.0,1.5272727272727273,0.0,0.0,0.0,0.10909090909090909,0.0,0.0,0.0,0.0,1.8181818181818181,,,,,,,,,,,3.0,80.0,4.9136871,1793.4957915,0.020351316224429514,1.0,0.6105394867328854,20.81384613862109,114.476153762416,,1.0,0.0376,0.782600614812153,0.0,0.0,0.0,0.0,0.782600614812153,0.0,11.193223923436232,0.19079358960402668,20.81384613862109,1.0175658112214756,1.0,7.12296067855033,7.000000000000001,,,,,,,0.2512624379358629,0.016049439596667422,0.3067197746474333,1.7443985335225296,0.2960191450826111,0.20813846138621092,0.06787702896547708,0.0,0.001391289981888272,0.0,0.0,0.0,0.29880172504638763,,,,,,0.7822211030876887,13.5,18.0,6.0,,,,66.0,1.5,450.0,490.90909090909093,45.0,44.2231839,427.40000000000055,420.0219733080005,10.0,,,,,,,,100.0,6.0,0.33087857768060003,7.0,100.0,100.0,0.4704,0.04353685263878097,95.0,81.68719557797739,0.0,20.0,,,12.0,2.0727272727272728,1.9636363636363638,1.6363636363636365,0.0,0.43636363636363634,0.0,0.0,0.0,0.0,2.1818181818181817,,,,,,,,,,,20.0,100.0,44.2231839,16141.462123500001,0.16959430187024593
Sierra,(all provinces confounded),mule_live,1.0,0.011085714285714287,,,,1.0,,,0.0,0.0,0.0,0.0,0.0,0.0,0.05,0.0,1.0,,,,,,,,,,,,,,0.01,0.0,0.0,0.0,0.0,0.0,0.0,0.0,0.01,0.01,0.01,0.01,0.0,0.0,0.0,,4.528,1.0,,,,,35.0,0.0,350.0,350.0,,,,,,,,,,,,,0.0,,,,,,,,0.0,0.0,0.0,0.0,0.0,0.0,7.0,0.0,0.0,0.0,0.0,0.0,0.0,0.0,100.0,7.0,7.0,7.0,350.0,100.0,0.0,0.0,0.0,7.0,0.0,0.0,0.0,,,350.0,350.0,0.0014285714285714286,1.0,0.11428571428571428,,,,1.0,,,0.0,0.0,0.0,0.0,0.0,0.0,0.1,0.0,1.0,,,,,,,,,,,,,,0.02,0.0,0.0,0.0,0.0,0.0,0.0,0.0,0.02,0.02,0.02,0.02,0.0,0.0,0.0,,60.0,2.0,,,,,35.0,0.0,350.0,700.0,,,,,,,,,,,,,0.0,,,,,,,,0.0,0.0,0.0,0.0,0.0,0.0,7.0,0.0,0.0,0.0,0.0,0.0,0.0,0.0,100.0,7.0,7.0,7.0,350.0,100.0,0.0,0.0,0.0,7.0,0.0,0.0,0.0,,,700.0,700.0,0.002857142857142857
Sierra,(all provinces confounded),ovine_live,1.0,0.003596811786032861,2.1739130434782608,,0.5434782608695652,1.0,1.0,2.1739130434782608,0.0,0.0,0.0,2.1739130434782608,0.0,0.0,0.03416971196731217,0.0,2.1739130434782608,,,,,,,,,,,,,,0.005718930739792249,0.005696450666129543,0.0,0.0,0.005696450666129543,8.992029465082152e-05,0.0,0.0,2.0746250530971727e-18,0.005786370960780366,0.005718930739792249,0.004469038644145829,0.0012274120219837139,0.0,2.248007366270538e-05,,0.41,2.0,,2.0,,,7.6,0.0,60.44,120.88,,,,,,,,,,,,,99.6069182389937,,,,,,,,0.0,0.0,99.6069182389937,0.3930817610062893,0.0,0.0,1.272,1.267,0.0,0.0,1.267,0.005,0.0,0.0,9.069112511985665e-15,1.1535911115245767e-16,1.272,1.272,60.44,78.1,21.5,0.0,0.4,0.994,0.273,0.0,0.005,,,55.6048,55.6048,0.004496014732541076,1.0,0.0462669889410027,2.1739130434782608,,2.1739130434782608,4.0,1.0,8.695652173913043,0.0,0.0,0.0,8.695652173913043,0.0,0.0,0.1366788478692487,0.0,2.1739130434782608,,,,,,,,,,,,,,0.022875722959168995,0.02278580266451817,0.0,0.0,0.02278580266451817,8.992029465082152e-05,0.0,0.0,2.0746250530971727e-18,0.022875722959168995,0.022875722959168995,0.017876154576583318,0.0049096480879348555,0.0,8.992029465082152e-05,,5.130000000000009,8.0,,2.0,,,7.6,0.0,60.44,483.52,,,,,,,,,,,,,99.6069182389937,,,,,,,,0.0,0.0,99.6069182389937,0.3930817610062893,0.0,0.0,1.272,1.267,0.0,0.0,1.267,0.005,0.0,0.0,9.069112511985665e-15,1.1535911115245767e-16,1.272,1.272,60.44,78.1,21.5,0.0,0.4,0.994,0.273,0.0,0.005,,,222.4192,222.4192,0.017984058930164304
Sierra,(all provinces confounded),swine_live,1.0,0.004368886463795409,1.5151515151515151,,0.7575757575757577,0.5,0.9372,0.7100000000000001,0.0,0.0,0.7100000000000001,0.0,0.0,0.0,0.03524544930898779,0.00031217397959389185,1.5151515151515151,,,,,,,,,,,,,,0.01258766046749564,0.0,0.0,0.0,0.0,0.0023594310780273827,0.004718862156054765,0.009437724312109529,0.0,0.023594310780273825,,,,,,,0.44,1.0,,2.0,,,7.0,0.062,75.23,75.23,,,,,,,,,,,,,0.0,,,,,,,,0.0,0.0,0.0,10.0,20.0,30.0,2.5,0.0,0.0,0.0,0.0,0.25,0.5,0.75,0.0,0.0,2.5,,,,,,,,,,,,,49.6518,49.6518,0.005035064186998256,1.0,0.08586462793561025,1.5151515151515154,,3.0303030303030307,2.0,0.9372,2.8400000000000003,0.0,0.0,2.8400000000000003,0.0,0.0,0.0,0.14098179723595117,0.0012486959183755674,1.5151515151515154,,,,,,,,,,,,,,0.05035064186998256,0.0,0.0,0.0,0.0,0.01651601754619168,0.023594310780273825,0.023594310780273825,0.0,0.02359431078027383,,,,,,,9.98,4.0,,2.0,,,7.0,0.062,75.23,300.92,,,,,,,,,,,,,0.0,,,,,,,,0.0,0.0,0.0,50.0,80.0,100.0,2.5,0.0,0.0,0.0,0.0,1.25,2.0,2.5,0.0,0.0,2.5,,,,,,,,,,,,,198.6072,198.6072,0.020140256747993024
