Region,Province,Product,Species,System,Functional_unit,Normalized_product_output_kg,ch4_enteric_kg_per_kg_product,ch4_manure_kg_per_kg_product,n2o_direct_kg_per_kg_product,total_direct_gas_kg_per_kg_product,water_l_per_kg_product,electricity_kwh_per_kg_product,area_ha_per_kg_product,total_feed_kg_per_kg_product,supplement_feed_kg_per_kg_product,pasture_feed_kg_per_kg_product,unmatched_pasture_feed_kg_per_kg_product,nh3_total_kg_per_kg_product,nh3_housing_kg_per_kg_product,nh3_grazing_kg_per_kg_product,nox_as_no2_kg_per_kg_product,animals_total_live_weight_kg_per_kg_product
(unknown),ZONA NO DELIMITADA,cattle_meat,cattle,v2_integrated,1 kg product,1.0,0.21233043089404607,0.01930276644491324,0.0011581659866947455,0.23279136332565412,43.43122450105488,0.5790829933473983,0.006686688616004784,9.65138322245664,3.8605532889826564,5.790829933473984,0.8686244900210975,0.002547965170728507,0.0017835756195099303,0.0007643895512185183,0.00046326639467787485,1.0
(unknown),ZONA NO DELIMITADA,milk,cattle,v2_integrated,1 kg FPCM,1.0,0.023624276240044335,0.0021476614763676367,0.0001288596885820116,0.02590079740499407,4.8322383218272575,0.06442984429103006,0.0008634785053757909,1.073830738183835,0.42953229527353404,0.644298442910301,0.09664476643654511,0.0002834913148804988,0.00019844392041632456,8.504739446414913e-05,5.154387543282334e-05,0.14710010112107327
(unknown),ZONA NO DELIMITADA,other_livestock_live,other,v2_integrated,1 kg product,1.0,0.02773143245720251,0.006932858114300593,0.000346642905714973,0.035010933477218176,16.638859474321528,0.013865716228601211,0.016604086178491018,2.773143245720254,1.386571622860127,1.386571622860127,0.20798574342901907,0.0007626143925730071,0.0005338300748010881,0.00022878431777191777,0.00013865716228595189,1.0
(unknown),ZONA NO DELIMITADA,ovine_live,ovine,v2_integrated,1 kg live weight equivalent,1.0,0.2640604002156949,0.035208053362092616,0.0017604026681045917,0.3010288562458921,66.89530138797603,0.0880201334052316,0.014669403987795024,10.562416008627794,2.112483201725559,8.449932806902238,1.2674899210353352,0.0038728858698301185,0.0027110201088810983,0.0011618657609489855,0.0007041610672417817,1.0
(unknown),ZONA NO DELIMITADA,swine_live,swine,v2_integrated,1 kg live weight equivalent,1.0,0.045625000000000006,0.0684375,0.00136875,0.11543124999999993,31.937500000000004,0.136875,0.001176732876962533,10.0375,7.02625,0.0,0.0,0.00301125,0.002107875,0.0009033749999999204,0.0005474999999999796,1.0
Costa,EL ORO,cattle_meat,cattle,v2_integrated,1 kg product,1.0,0.2084263397539778,0.01894784906854339,0.001136870944112556,0.22851105976663386,42.63266040422274,0.5684354720563031,0.0004084275378330825,9.473924534271719,3.7895698137086886,5.684354720563031,0.8526532080844547,0.002501116077047684,0.0017507812539333666,0.0007503348231142724,0.0004547483776449926,1.0
Costa,EL ORO,eggs,poultry,v2_integrated,1 kg shell eggs,1.0,0.0,0.0047031987630587,0.0007054798144588,0.0054086785775175,6.466898299205747,0.11757996907646809,2.3424910085737505e-06,1.5990875794399666,1.5990875794399666,0.0,0.0,0.0015520555918093,0.0010864389142665,0.00046561667754280005,0.0002821919257835,0.1224120226001586
Costa,EL ORO,meat_poultry,poultry,v2_integrated,1 kg meat product,1.0,0.0,0.010979877101551282,0.0016469815652326277,0.012626858666783902,15.097331014633024,0.2744969275387822,1.898031728006385e-05,3.733158214527439,3.733158214527439,0.0,0.0,0.00362335944351186,0.0025363516104582816,0.0010870078330535776,0.0006587926260930116,1.0
Costa,EL ORO,milk,cattle,v2_integrated,1 kg FPCM,1.0,0.034077098399485806,0.0030979180363168678,0.00018587508217897468,0.03736089151798171,6.970315581713011,0.09293754108950678,7.773604639963869e-05,1.548959018158447,0.6195836072633788,0.929375410895068,0.13940631163426018,0.00040892518079379945,0.0002862476265556319,0.00012267755423812517,7.435003287159738e-05,0.21218616687102007
Costa,EL ORO,other_livestock_live,other,v2_integrated,1 kg product,1.0,0.03397430163133103,0.008493575407832727,0.0004246787703915759,0.04289255580955544,20.384580978798642,0.01698715081566547,0.0012561417870720537,3.397430163133107,1.6987150815665535,1.6987150815665535,0.254807262234983,0.0009342932948615421,0.0006540053064030596,0.00028028798845847175,0.00016987150815659218,1.0
Costa,EL ORO,ovine_live,ovine,v2_integrated,1 kg live weight equivalent,1.0,0.27603358768179515,0.03680447835757264,0.0018402239178785952,0.3146782899572465,69.92850887938812,0.0920111958939317,0.001323253618329856,11.041343507271808,2.208268701454361,8.833074805817445,1.3249612208726165,0.0040484926193329425,0.002833944833533055,0.0012145477857998471,0.0007360895671513842,1.0
Costa,EL ORO,swine_live,swine,v2_integrated,1 kg live weight equivalent,1.0,0.05696010279875048,0.08544015419812577,0.0017088030839624612,0.14410906008083885,39.87207195912538,0.17088030839625162,0.0002915408682186345,12.53122261572512,8.771855831007585,0.0,0.0,0.0037593667847174786,0.0026315567493022138,0.0011278100354151946,0.0006835212335849483,1.0
Costa,ESMERALDAS,cattle_meat,cattle,v2_integrated,1 kg product,1.0,0.21093973941730593,0.019176339947027762,0.0011505803968216185,0.23126665976115535,43.14676488081258,0.5752901984108343,0.0003656988285411171,9.588169973513907,3.835267989405563,5.752901984108345,0.8629352976162515,0.002531276873007624,0.0017718938111053201,0.0007593830619022502,0.00046023215872861904,1.0
Costa,ESMERALDAS,milk,cattle,v2_integrated,1 kg FPCM,1.0,0.036183386295136406,0.003289398754103269,0.0001973639252461689,0.03967014897448594,7.401147196732458,0.0986819626230994,4.904836067194378e-05,1.6446993770516571,0.6578797508206629,0.9868196262309944,0.1480229439346491,0.0004342006355415985,0.00030394044487908224,0.00013026019066247432,7.8945570098467e-05,0.2253012845276242
Costa,ESMERALDAS,other_livestock_live,other,v2_integrated,1 kg product,1.0,0.031616146678166326,0.007904036669541547,0.0003952018334770245,0.039915385181184995,18.96968800689982,0.015808073339083118,0.02947983507411334,3.161614667816636,1.580807333908318,1.580807333908318,0.2371211000862477,0.0008694440336495112,0.0006086108235546424,0.00026083321009485365,0.0001580807333907724,1.0
Costa,ESMERALDAS,ovine_live,ovine,v2_integrated,1 kg live weight equivalent,1.0,0.27373647838081194,0.03649819711744156,0.0018249098558720373,0.3120595853541256,69.34657452313903,0.09124549279360396,0.007579503100038105,10.949459135232479,2.1898918270464955,8.759567308185982,1.3139350962278973,0.004014801682918546,0.002810361178042988,0.0012044405048754943,0.0007299639423487526,1.0
Costa,ESMERALDAS,swine_live,swine,v2_integrated,1 kg live weight equivalent,1.0,0.06356101190011389,0.09534151785017082,0.0019068303570033756,0.16080936010728816,44.49270833007973,0.19068303570034167,0.001910138804302998,13.983422618025061,9.788395832617544,0.0,0.0,0.00419502678540748,0.0029365187497852165,0.0012585080356222053,0.0007627321428013156,1.0
Costa,GUAYAS,cattle_meat,cattle,v2_integrated,1 kg product,1.0,0.21385168864228446,0.01944106260384399,0.0011664637562305955,0.23445921500235914,43.7423908586491,0.5832318781153213,0.0007286570912405335,9.720531301922023,3.8882125207688087,5.832318781153213,0.8748478171729819,0.0025662202637073664,0.0017963541845951395,0.0007698660791121739,0.0004665855024922103,1.0
Costa,GUAYAS,eggs,poultry,v2_integrated,1 kg shell eggs,1.0,0.0,0.0047031987630587,0.0007054798144588001,0.0054086785775175,6.466898299205747,0.11757996907646809,5.385024489000545e-06,1.5990875794399666,1.5990875794399666,0.0,0.0,0.0015520555918092998,0.0010864389142665,0.00046561667754280005,0.0002821919257835,0.1224120226001586
Costa,GUAYAS,meat_poultry,poultry,v2_integrated,1 kg meat product,1.0,0.0,0.011380445430988918,0.0017070668146482767,0.013087512245637195,15.648112467609781,0.28451113577472326,7.236839680700338e-06,3.869351446536237,3.869351446536237,0.0,0.0,0.003755546992226284,0.0026288828945583795,0.0011266640976679027,0.0006828267258592725,1.0
Costa,GUAYAS,milk,cattle,v2_integrated,1 kg FPCM,1.0,0.05615301876398349,0.005104819887634833,0.000306289193258036,0.061564127844876436,11.485844747178447,0.15314459662904592,0.00015300036716613463,2.552409943817432,1.020963977526973,1.5314459662904596,0.2297168949435689,0.0006738362251677688,0.0004716853576174078,0.00020215086755029404,0.000122515677303206,0.3496451977832099
Costa,GUAYAS,other_livestock_live,other,v2_integrated,1 kg product,1.0,0.0276387281513503,0.006909682037837545,0.0003454841018918218,0.034893894291079766,16.583236890810202,0.013819364075675113,0.0017934623343611028,2.763872815135034,1.381936407567517,1.381936407567517,0.20729046113512753,0.0007600650241620703,0.0005320455169134308,0.0002280195072486257,0.00013819364075669022,1.0
Costa,GUAYAS,swine_live,swine,v2_integrated,1 kg live weight equivalent,1.0,0.05504113563311339,0.0825617034496701,0.00165123406899337,0.1392540731517769,38.528794943179385,0.1651234068993402,0.000355454709357057,12.109049839284951,8.476334887499464,0.0,0.0,0.003632714951785453,0.0025429004662498146,0.0010898144855356147,0.0006604936275973398,1.0
Costa,LOS RÍOS,cattle_meat,cattle,v2_integrated,1 kg product,1.0,0.21331796184195906,0.019392541985632603,0.001163552519137907,0.23387405634672967,43.633219467673456,0.5817762595689794,0.0006484390584007274,9.696270992816322,3.878508397126529,5.817762595689794,0.872664389353469,0.002559815542103462,0.0017918708794724112,0.0007679446626310055,0.0004654210076551323,1.0
Costa,LOS RÍOS,eggs,poultry,v2_integrated,1 kg shell eggs,1.0,0.0,0.004703198763058699,0.0007054798144587998,0.0054086785775175,6.466898299205748,0.1175799690764681,0.0,1.5990875794399666,1.5990875794399666,0.0,0.0,0.0015520555918092998,0.0010864389142665,0.00046561667754280005,0.0002821919257835,0.12241202260015858
Costa,LOS RÍOS,meat_poultry,poultry,v2_integrated,1 kg meat product,1.0,0.0,0.011610842472009266,0.0017416263708013309,0.013352468842810598,15.964908399012767,0.29027106180023204,0.0,3.9476864404831566,3.9476864404831566,0.0,0.0,0.003831578015763001,0.002682104611034076,0.0011494734047289192,0.0006966505483204953,1.0
Costa,LOS RÍOS,milk,cattle,v2_integrated,1 kg FPCM,1.0,0.04101769634110914,0.0037288814855553363,0.00022373288913326208,0.044970310715797844,8.389983342499603,0.11186644456666135,9.481508445956433e-05,1.8644407427776897,0.7457762971110758,1.1186644456666137,0.167799666849992,0.0004922123560932677,0.0003445486492652674,0.000147663706827963,8.949315565331384e-05,0.2554028414763958
Costa,LOS RÍOS,other_livestock_live,other,v2_integrated,1 kg product,1.0,0.030766698189987975,0.007691674547496961,0.0003845837273747953,0.038842956464859836,18.460018913992815,0.01538334909499395,0.00252740777548568,3.0766698189988024,1.5383349094994012,1.5383349094994012,0.2307502364249101,0.0008460842002246001,0.0005922589401572032,0.0002538252600673882,0.00015383349094988773,1.0
Costa,LOS RÍOS,swine_live,swine,v2_integrated,1 kg live weight equivalent,1.0,0.057213920211061954,0.08582088031659293,0.0017164176063318383,0.14475121813398675,40.04974414774338,0.1716417606331859,0.0009357435375237904,12.587062446433634,8.810943712503542,0.0,0.0,0.0037761187339300705,0.0026432831137510387,0.001132835620179,0.0006865670425327116,1.0
Costa,MANABÍ,cattle_meat,cattle,v2_integrated,1 kg product,1.0,0.21465481297399477,0.019514073906726756,0.001170844434403557,0.2353397313151252,43.906666290135306,0.5854222172018041,0.0004542868594025724,9.757036953363402,3.9028147813453606,5.854222172018041,0.8781333258027061,0.0025758577556878872,0.0018031004289815065,0.0007727573267063339,0.0004683377737613941,1.0
Costa,MANABÍ,eggs,poultry,v2_integrated,1 kg shell eggs,1.0,0.0,0.0047031987630587,0.0007054798144587998,0.005408678577517499,6.466898299205747,0.11757996907646809,1.3256773598777689e-07,1.5990875794399666,1.5990875794399666,0.0,0.0,0.0015520555918092994,0.0010864389142664999,0.00046561667754279994,0.0002821919257835,0.12241202260015858
Costa,MANABÍ,meat_poultry,poultry,v2_integrated,1 kg meat product,1.0,0.0,0.016556256272556243,0.0024834384408833803,0.019039694713439626,22.764852374764867,0.41390640681390656,1.753522060798031e-05,5.629127132669131,5.629127132669131,0.0,0.0,0.005463564569943507,0.003824495198960439,0.0016390693709830663,0.0009933753763533167,1.0
Costa,MANABÍ,milk,cattle,v2_integrated,1 kg FPCM,1.0,0.05460545515589424,0.004964132286899453,0.0002978479372139182,0.05986743538000768,11.169297645523827,0.1489239686069843,9.38302373958834e-05,2.4820661434497393,0.9928264573798958,1.4892396860698438,0.2233859529104765,0.000655265461870697,0.00045868582330946457,0.00019657963856118093,0.00011913917488556332,0.34000906074653964
Costa,MANABÍ,other_livestock_live,other,v2_integrated,1 kg product,1.0,0.039232647574864894,0.009808161893716182,0.0004904080946857642,0.049531217563266935,23.539588544918956,0.01961632378743241,0.0010168991385992134,3.9232647574864936,1.9616323787432468,1.9616323787432468,0.294244856811487,0.001078897808308721,0.0007552284658160885,0.0003236693424926151,0.00019616323787426977,1.0
Costa,MANABÍ,swine_live,swine,v2_integrated,1 kg live weight equivalent,1.0,0.06399319636140992,0.09598979454211488,0.0019197958908422602,0.16190278679436712,44.79523745298695,0.1919795890842298,0.0010900816453720613,14.078503199510187,9.85495223965713,0.0,0.0,0.004223550959853015,0.0029564856718971013,0.0012670652879558594,0.0007679183563368737,1.0
Costa,SANTA ELENA,cattle_meat,cattle,v2_integrated,1 kg product,1.0,0.20936785907640193,0.019033441734218316,0.001142006504053058,0.22954330731467334,42.825243901991314,0.5710032520265509,0.001983104989789506,9.51672086710918,3.8066883468436727,5.710032520265508,0.8565048780398263,0.0025124143089167877,0.0017586900162417198,0.000753724292674999,0.00045680260162118887,1.0
Costa,SANTA ELENA,eggs,poultry,v2_integrated,1 kg shell eggs,1.0,0.0,0.0047031987630587,0.0007054798144587998,0.0054086785775175,6.466898299205748,0.1175799690764681,0.0,1.5990875794399666,1.5990875794399666,0.0,0.0,0.0015520555918093,0.0010864389142665,0.00046561667754280005,0.0002821919257835,0.1224120226001586
Costa,SANTA ELENA,meat_poultry,poultry,v2_integrated,1 kg meat product,1.0,0.0,0.012339417308889317,0.0018509125963333622,0.01419032990522268,16.966698799722824,0.3084854327222331,0.0,4.195401885022371,4.195401885022371,0.0,0.0,0.004072007711933441,0.0028504053983533983,0.001221602313580042,0.0007403650385333232,1.0
Costa,SANTA ELENA,milk,cattle,v2_integrated,1 kg FPCM,1.0,0.06472315937333577,0.00588392357939412,0.00035303541476357946,0.07096011836749361,13.23882805363687,0.1765177073818249,0.0004586827905215125,2.9419617896970824,1.176784715878833,1.7651770738182493,0.2647765610727374,0.0007766779124800298,0.0005436745387360194,0.00023300337374399318,0.00014121416590541605,0.40300846434206605
Costa,SANTA ELENA,other_livestock_live,other,v2_integrated,1 kg product,1.0,0.05460322244473351,0.013650805611183345,0.0006825402805591056,0.06893656833647609,32.761933466840134,0.027301611222366726,0.02160208526525262,5.460322244473356,2.730161122236678,2.730161122236678,0.40952416833550165,0.0015015886172301191,0.001051112032061055,0.000450476585169041,0.00027301611222361517,1.0
Costa,SANTA ELENA,swine_live,swine,v2_integrated,1 kg live weight equivalent,1.0,0.05291841244929768,0.07937761867394652,0.0015875523734788489,0.13388358349672316,37.042888714508386,0.15875523734789307,0.0005970164438403835,11.64205073884549,8.149435517191845,0.0,0.0,0.003492615221653628,0.0024448306551575322,0.001047784566496072,0.000635020949391475,1.0
Costa,SANTO DOMINGO DE LOS TSÁCHILAS,cattle_meat,cattle,v2_integrated,1 kg product,1.0,0.21091197037744144,0.019173815488858263,0.0011504289293314464,0.23123621479563125,43.141084849931204,0.5752144646657494,0.0006585942741454303,9.586907744429157,3.8347630977716634,5.752144646657494,0.862821696998624,0.002530943644529247,0.0017716605511704582,0.0007592830933587391,0.0004601715717325477,1.0
Costa,SANTO DOMINGO DE LOS TSÁCHILAS,eggs,poultry,v2_integrated,1 kg shell eggs,1.0,0.0,0.0047031987630587,0.0007054798144588,0.005408678577517501,6.466898299205748,0.1175799690764681,2.2053433210199766e-06,1.5990875794399666,1.5990875794399666,0.0,0.0,0.0015520555918092998,0.0010864389142665003,0.00046561667754280005,0.0002821919257835,0.1224120226001586
Costa,SANTO DOMINGO DE LOS TSÁCHILAS,meat_poultry,poultry,v2_integrated,1 kg meat product,1.0,0.0,0.010474882813182419,0.0015712324219773024,0.012046115235159721,14.40296386812584,0.26187207032956067,5.7195373200376336e-06,3.561460156482026,3.561460156482026,0.0,0.0,0.003456711328350139,0.0024196979298450787,0.001037013398505054,0.0006284929687908839,1.0
Costa,SANTO DOMINGO DE LOS TSÁCHILAS,milk,cattle,v2_integrated,1 kg FPCM,1.0,0.032036442542065016,0.0029124038674604273,0.00017474423204758216,0.0351235906415731,6.552908701786034,0.08737211602381377,5.75995030422777e-05,1.4562019337302297,0.5824807734920919,0.873721160238138,0.13105817403572065,0.0003844373105047587,0.000269106117353297,0.00011533119315141549,6.989769281903932e-05,0.19947971694934652
Costa,SANTO DOMINGO DE LOS TSÁCHILAS,other_livestock_live,other,v2_integrated,1 kg product,1.0,0.03429772325710283,0.008574430814275677,0.0004287215407137294,0.04330087561209234,20.578633954261722,0.017148861628551372,0.0018825276451800964,3.4297723257102866,1.7148861628551433,1.7148861628551433,0.25723292442827156,0.000943187389570265,0.0006602311726991699,0.0002829562168710814,0.00017148861628545612,1.0
Costa,SANTO DOMINGO DE LOS TSÁCHILAS,swine_live,swine,v2_integrated,1 kg live weight equivalent,1.0,0.0621972874804554,0.09329593122068312,0.0018659186244136393,0.15735913732555223,43.5381012363188,0.18659186244136625,0.000538186148707282,13.683403245700195,9.578382271990135,0.0,0.0,0.004105020973710007,0.002873514681597003,0.0012315062921129736,0.0007463674497654364,1.0
Oriente,MORONA SANTIAGO,cattle_meat,cattle,v2_integrated,1 kg product,1.0,0.20580194574832145,0.01870926779530191,0.001122556067718065,0.22563376961134152,42.0958525394294,0.5612780338590586,0.00038579871690410603,9.354633897650977,3.7418535590603907,5.6127803385905874,0.8419170507885879,0.002469623348979806,0.0017287363442858505,0.000740887004693908,0.00044902242708719817,1.0
Oriente,MORONA SANTIAGO,eggs,poultry,v2_integrated,1 kg shell eggs,1.0,0.0,0.0047031987630587,0.0007054798144588,0.0054086785775175,6.466898299205749,0.1175799690764681,0.0157762561485644,1.5990875794399668,1.5990875794399668,0.0,0.0,0.0015520555918092998,0.0010864389142665,0.0004656166775428,0.0002821919257835,0.1224120226001586
Oriente,MORONA SANTIAGO,meat_poultry,poultry,v2_integrated,1 kg meat product,1.0,0.0,0.01040114959242892,0.0015601724388642731,0.011961322031293195,14.301580689589782,0.2600287398107233,0.0013203726668896776,3.5363908614258364,3.5363908614258364,0.0,0.0,0.0034323793655014804,0.0024026655558510167,0.0010297138096504639,0.0006240689755456695,1.0
Oriente,MORONA SANTIAGO,milk,cattle,v2_integrated,1 kg FPCM,1.0,0.0464796841947815,0.0042254258358892,0.00025352555015329,0.050958635580824065,9.507208130750763,0.1267627750766768,9.893849508822494e-05,2.112712917944614,0.8450851671778455,1.2676277507667681,0.19014416261501518,0.0005577562103373427,0.00039042934723611744,0.00016732686310118756,0.00010141022006132013,0.28941272848556354
Oriente,MORONA SANTIAGO,other_livestock_live,other,v2_integrated,1 kg product,1.0,0.025752950785783994,0.006438237696445971,0.00032191188482223726,0.0325131003670523,15.451770471470416,0.012876475392891948,0.00849900540585635,2.575295078578403,1.2876475392892015,1.2876475392892015,0.19314713089338018,0.0007082061466089953,0.0004957443026262783,0.00021246184398270932,0.0001287647539288544,1.0
Oriente,MORONA SANTIAGO,ovine_live,ovine,v2_integrated,1 kg live weight equivalent,1.0,0.24333333333333335,0.03244444444444441,0.0016222222222222003,0.2773999999999999,61.64444444444444,0.08111111111111109,0.005829511238271301,9.733333333333333,1.946666666666667,7.786666666666668,1.168,0.0035688888888888,0.0024982222222222003,0.0010706666666666,0.0006488888888888,1.0
Oriente,MORONA SANTIAGO,swine_live,swine,v2_integrated,1 kg live weight equivalent,1.0,0.05369702006050875,0.08054553009076312,0.0016109106018152423,0.13585346075308719,37.58791404235613,0.16109106018152627,0.0013049803803654159,11.813344413311926,8.269341089318349,0.0,0.0,0.00354400332399357,0.002480802326795448,0.0010632009971980108,0.0006443642407260824,1.0
Oriente,NAPO,cattle_meat,cattle,v2_integrated,1 kg product,1.0,0.2044731999405702,0.018588472721869972,0.0011153083633121527,0.22417698102575248,41.82406362420755,0.5576541816561007,0.00014768803192975676,9.294236360935013,3.7176945443740053,5.576541816561006,0.8364812724841509,0.0024536783992867997,0.0017175748795007282,0.0007361035197860008,0.0004461233453248341,1.0
Oriente,NAPO,meat_poultry,poultry,v2_integrated,1 kg meat product,1.0,0.0,0.029151541014698846,0.004372731152204833,0.033524272166903686,40.08336889521101,0.7287885253674727,0.0,9.911523944997631,9.911523944997631,0.0,0.0,0.009620008534850635,0.006734005974395378,0.0028860025604551917,0.0017490924608819303,1.0
Oriente,NAPO,milk,cattle,v2_integrated,1 kg FPCM,1.0,0.025500399425640634,0.002318218129603693,0.0001390930877761727,0.02795771064302057,5.215990791608317,0.06954654388811088,1.4467185008009466e-05,1.1591090648018483,0.4636436259207393,0.695465438881109,0.10431981583216635,0.00030600479310768024,0.00021420335517536058,9.180143793230461e-05,5.5637235110488725e-05,0.1587820636714861
Oriente,NAPO,other_livestock_live,other,v2_integrated,1 kg product,1.0,0.031777559626493326,0.007944389906623295,0.0003972194953311125,0.040119169028447844,19.06653577589602,0.015888779813246615,0.0034383560363887085,3.1777559626493366,1.5888779813246683,1.5888779813246683,0.23833169719870023,0.0008738828897284983,0.000611718022809931,0.0002621648669185235,0.0001588877981324094,1.0
Oriente,NAPO,ovine_live,ovine,v2_integrated,1 kg live weight equivalent,1.0,0.3086021051310223,0.04114694735080296,0.0020573473675400676,0.3518063998493654,78.17919996652566,0.10286736837700737,0.0021517646691953897,12.344084205240895,2.4688168410481786,9.875267364192714,1.4812901046289073,0.004526164208588303,0.0031683149460118277,0.00135784926257646,0.0008229389470160347,1.0
Oriente,NAPO,swine_live,swine,v2_integrated,1 kg live weight equivalent,1.0,0.09007892618391061,0.1351183892758659,0.0027023677855172947,0.22789968324529392,63.05524832873744,0.2702367785517318,0.00013225274645324258,19.81736376046034,13.872154632322237,0.0,0.0,0.005945209128138088,0.004161646389696599,0.001783562738441391,0.001080947114206868,1.0
Oriente,ORELLANA,cattle_meat,cattle,v2_integrated,1 kg product,1.0,0.21424898682541563,0.01947718062049227,0.001168630837229479,0.23489479828313753,43.82365639610775,0.58431541861477,8.471225283346612e-05,9.738590310246163,3.8954361240984676,5.8431541861477,0.8764731279221549,0.0025709878419049263,0.0017996914893334461,0.0007712963525714411,0.00046745233489176084,1.0
Oriente,ORELLANA,meat_poultry,poultry,v2_integrated,1 kg meat product,1.0,0.0,0.0101111111111111,0.0015166666666666,0.0116277777777777,13.90277777777778,0.2527777777777777,0.0,3.4377777777777783,3.4377777777777783,0.0,0.0,0.0033366666666666,0.0023356666666666,0.001001,0.0006066666666666,1.0
Oriente,ORELLANA,milk,cattle,v2_integrated,1 kg FPCM,1.0,0.06453037376779629,0.005866397615254188,0.0003519838569152254,0.07074875523996575,13.199394634321976,0.17599192845762635,2.9585315573713688e-05,2.933198807627106,1.1732795230508426,1.7599192845762637,0.26398789268643946,0.0007743644852135431,0.0005420551396494537,0.00023230934556405037,0.00014079354276607935,0.4018080558393296
Oriente,ORELLANA,other_livestock_live,other,v2_integrated,1 kg product,1.0,0.026363062000136918,0.0065907655000342034,0.00032953827500164503,0.03328336577517287,15.81783720008217,0.013181531000068409,0.0006863211825488276,2.636306200013695,1.3181531000068476,1.3181531000068476,0.1977229650010271,0.0007249842050037014,0.0005074889435025719,0.00021749526150111845,0.00013181531000061903,1.0
Oriente,ORELLANA,ovine_live,ovine,v2_integrated,1 kg live weight equivalent,1.0,0.28355371900826454,0.0378071625344352,0.0018903581267217257,0.32325123966942143,71.833608815427,0.09451790633608816,0.009842223891810586,11.34214876033058,2.2684297520661154,9.073719008264465,1.3610578512396696,0.004158787878787815,0.002911151515151491,0.0012476363636363238,0.0007561432506886297,1.0
Oriente,ORELLANA,swine_live,swine,v2_integrated,1 kg live weight equivalent,1.0,0.0559499096028857,0.08392486440432853,0.0016784972880865188,0.14155327129530088,39.16493672202,0.16784972880865714,0.0007161403710210073,12.308980112634863,8.616286078844402,0.0,0.0,0.003692694033790431,0.002584885823653269,0.0011078082101370755,0.000671398915234571,1.0
Oriente,PASTAZA,cattle_meat,cattle,v2_integrated,1 kg product,1.0,0.2055740171988769,0.01868854701807967,0.0011213128210847308,0.2253838770380414,42.049230790679374,0.5606564105423916,0.00015786982201677275,9.344273509039862,3.7377094036159453,5.606564105423916,0.8409846158135874,0.0024668882063864825,0.0017268217444705292,0.0007400664619159076,0.00044852512843385623,1.0
Oriente,PASTAZA,eggs,poultry,v2_integrated,1 kg shell eggs,1.0,0.0,0.0047031987630587,0.0007054798144588,0.0054086785775175,6.466898299205747,0.1175799690764681,0.0,1.5990875794399668,1.5990875794399668,0.0,0.0,0.0015520555918093,0.0010864389142665,0.00046561667754280005,0.0002821919257835,0.1224120226001585
Oriente,PASTAZA,meat_poultry,poultry,v2_integrated,1 kg meat product,1.0,0.0,0.012382065743470753,0.0018573098615205545,0.014239375604991307,17.025340397272306,0.3095516435867692,3.3290984931070605e-07,4.209902352780062,4.209902352780062,0.0,0.0,0.004086081695345293,0.002860257186741687,0.0012258245086036058,0.0007429239446081853,1.0
Oriente,PASTAZA,milk,cattle,v2_integrated,1 kg FPCM,1.0,0.041955483773335,0.003814134888484957,0.0002288480933090451,0.04599846675512913,8.581803499091256,0.11442404665455004,2.4263529891371786e-05,1.9070674442425017,0.7628269776970007,1.1442404665455008,0.1716360699818251,0.0005034658052800128,0.0003524260636959646,0.00015103974158399178,9.153923732362467e-05,0.2612421156496577
Oriente,PASTAZA,other_livestock_live,other,v2_integrated,1 kg product,1.0,0.025019943375024965,0.006254985843756216,0.0003127492921877491,0.03158767851096903,15.011966025015003,0.012509971687512436,0.0006796549404625638,2.5019943375025004,1.2509971687512502,1.2509971687512502,0.1876495753126875,0.0006880484428131202,0.0004816339099691647,0.00020641453284393727,0.00012509971687506077,1.0
Oriente,PASTAZA,ovine_live,ovine,v2_integrated,1 kg live weight equivalent,1.0,0.2787272727272727,0.0371636363636363,0.0018581818181818,0.3177490909090909,70.61090909090909,0.0929090909090909,0.0066776941627407,11.149090909090908,2.229818181818182,8.919272727272729,1.3378909090909092,0.004088,0.0028616,0.0012264,0.0007432727272726999,1.0
Oriente,PASTAZA,swine_live,swine,v2_integrated,1 kg live weight equivalent,1.0,0.07966186804513278,0.11949280206769916,0.0023898560413539416,0.20154452615418592,55.763307631592944,0.23898560413539832,0.0008903901278810686,17.525610969929218,12.26792767895045,0.0,0.0,0.005257683290978723,0.003680378303685083,0.0015773049872935749,0.0009559424165415532,1.0
Oriente,SUCUMBÍOS,cattle_meat,cattle,v2_integrated,1 kg product,1.0,0.20848338727637108,0.018953035206942775,0.0011371821124165214,0.22857360459573045,42.64432921562136,0.5685910562082848,0.00011183675054404023,9.476517603471413,3.790607041388566,5.685910562082848,0.8528865843124271,0.002501800647316411,0.0017512604531214654,0.0007505401941948859,0.0004548728449665811,1.0
Oriente,SUCUMBÍOS,milk,cattle,v2_integrated,1 kg FPCM,1.0,0.055990222531476216,0.0050900202301341745,0.0003054012138080106,0.06138564397541848,11.452545517801962,0.1527006069040261,2.385084015515616e-05,2.545010115067102,1.0180040460268411,1.5270060690402614,0.22905091035603914,0.0006718826703776808,0.0004703178692643509,0.0002015648011132876,0.00012216048552319392,0.3486315226119318
Oriente,SUCUMBÍOS,other_livestock_live,other,v2_integrated,1 kg product,1.0,0.028852235647631376,0.007213058911907814,0.0003606529455953328,0.036425947505134615,17.311341388578846,0.014426117823815638,0.057941550356790134,2.8852235647631415,1.4426117823815707,1.4426117823815707,0.21639176735723556,0.0007934364803097966,0.0005554055362168408,0.00023803094409294761,0.00014426117823809257,1.0
Oriente,SUCUMBÍOS,ovine_live,ovine,v2_integrated,1 kg live weight equivalent,1.0,0.2610996121472849,0.03481328161963794,0.0017406640809818886,0.2976535578479048,66.14523507731218,0.0870332040490949,0.0011209380989172125,10.443984485891395,2.088796897178279,8.355187588713116,1.2532781383069675,0.0038294609781601412,0.002680622684712061,0.0011488382934479841,0.000696265632392714,1.0
Oriente,SUCUMBÍOS,swine_live,swine,v2_integrated,1 kg live weight equivalent,1.0,0.09074896665925365,0.13612344998888046,0.0027224689997775685,0.22959488564791175,63.52427666147756,0.27224689997776097,0.0009441776956153168,19.964772665035806,13.97534086552506,0.0,0.0,0.005989431799510701,0.0041926022596575005,0.0017968295398531793,0.0010889875999110037,1.0
Oriente,ZAMORA CHINCHIPE,cattle_meat,cattle,v2_integrated,1 kg product,1.0,0.21005413257717676,0.01909583023428875,0.0011457498140572773,0.2302957126255229,42.9656180271498,0.572874907028664,0.00016226005404114993,9.547915117144399,3.8191660468577595,5.728749070286639,0.8593123605429959,0.0025206495909260674,0.0017644547136482413,0.0007561948772777941,0.0004582999256228775,1.0
Oriente,ZAMORA CHINCHIPE,meat_poultry,poultry,v2_integrated,1 kg meat product,1.0,0.0,0.0101111111111111,0.0015166666666666002,0.0116277777777777,13.90277777777778,0.2527777777777777,0.0,3.437777777777778,3.437777777777778,0.0,0.0,0.0033366666666665994,0.0023356666666666,0.001001,0.0006066666666666,1.0
Oriente,ZAMORA CHINCHIPE,milk,cattle,v2_integrated,1 kg FPCM,1.0,0.04843401282918772,0.004403092075380673,0.00026418552452277586,0.05310129042909126,9.906957169606583,0.13209276226142108,3.855524092921336e-05,2.201546037690352,0.8806184150761408,1.320927622614211,0.1981391433921316,0.0005812081539502034,0.00040684570776512214,0.0001743624461850413,0.00010567420980912449,0.3015816489986783
Oriente,ZAMORA CHINCHIPE,other_livestock_live,other,v2_integrated,1 kg product,1.0,0.029764416176367606,0.007441104044091868,0.0003720552022045346,0.03757757542266411,17.858649705820582,0.014882208088183753,0.0006474230647021112,2.976441617636764,1.488220808818382,1.488220808818382,0.22323312132275727,0.0008185214448500419,0.0005729650113950116,0.0002455564334550244,0.00014882208088177513,1.0
Oriente,ZAMORA CHINCHIPE,ovine_live,ovine,v2_integrated,1 kg live weight equivalent,1.0,0.2589111414793659,0.0345214855305821,0.0017260742765290822,0.29515870128647714,65.59082250810603,0.0863037138264553,0.0008552577362863491,10.356445659174636,2.071289131834927,8.285156527339709,1.2427734791009564,0.003797363408363976,0.002658154385854797,0.0011392090225091653,0.0006904297106115928,1.0
Oriente,ZAMORA CHINCHIPE,swine_live,swine,v2_integrated,1 kg live weight equivalent,1.0,0.059357856621122536,0.08903678493168381,0.001780735698633627,0.15017537725144006,41.550499634785794,0.17807356986336767,0.0005581600793358089,13.058728456646964,9.141109919652875,0.0,0.0,0.003917618536994038,0.002742332975895811,0.0011752855610981795,0.0007122942794534047,1.0
Sierra,AZUAY,cattle_meat,cattle,v2_integrated,1 kg product,1.0,0.20714412223873968,0.018831283839885384,0.001129877030393076,0.22710528310901823,42.37038863974222,0.5649385151965628,0.00014471541413184707,9.415641919942715,3.766256767977086,5.649385151965628,0.8474077727948444,0.0024857294668648258,0.0017400106268053639,0.0007457188400594117,0.00045195081215720077,1.0
Sierra,AZUAY,eggs,poultry,v2_integrated,1 kg shell eggs,1.0,0.0,0.004703198763058701,0.0007054798144587998,0.005408678577517501,6.466898299205748,0.1175799690764681,7.492107055444651e-08,1.5990875794399666,1.5990875794399666,0.0,0.0,0.0015520555918093002,0.0010864389142665,0.00046561667754279994,0.0002821919257835,0.12241202260015861
Sierra,AZUAY,meat_poultry,poultry,v2_integrated,1 kg meat product,1.0,0.0,0.016785627428129828,0.0025178441142194173,0.01930347154234925,23.080237713678542,0.4196406857032462,1.938539254721073e-06,5.707113325564149,5.707113325564149,0.0,0.0,0.005539257051282787,0.0038774799358979356,0.0016617771153848515,0.0010071376456877318,1.0
Sierra,AZUAY,milk,cattle,v2_integrated,1 kg FPCM,1.0,0.03426498488319605,0.00311499862574507,0.0001868999175446577,0.037566883426485856,7.00874690792647,0.0934499587723529,1.5756359607371353e-05,1.557499312872549,0.6229997251490196,0.9344995877235294,0.14017493815852938,0.0004111798185983118,0.0002878258730187944,0.0001233539455794852,7.475996701787283e-05,0.2133560702565135
Sierra,AZUAY,other_livestock_live,other,v2_integrated,1 kg product,1.0,0.029562128232542475,0.007390532058135592,0.00036952660290671784,0.03732218689358488,17.737276939525508,0.014781064116271192,0.0003410370078389763,2.956212823254251,1.4781064116271254,1.4781064116271254,0.22171596174406885,0.0008129585263948552,0.0005690709684763788,0.00024388755791845786,0.00014781064116264827,1.0
Sierra,AZUAY,ovine_live,ovine,v2_integrated,1 kg live weight equivalent,1.0,0.27126159561901175,0.03616821274920154,0.0018084106374600395,0.3092382190056734,68.71960422348299,0.09042053187300393,0.00048552819761893694,10.850463824760471,2.1700927649520945,8.680371059808378,1.3020556589712569,0.003978503402412121,0.002784952381688492,0.0011935510207236046,0.000723364254983972,1.0
Sierra,AZUAY,swine_live,swine,v2_integrated,1 kg live weight equivalent,1.0,0.09614966070520929,0.1442244910578139,0.00288448982115623,0.24325864158417948,67.30476249364649,0.28844898211562786,0.00028359340179930987,21.152925355146046,14.80704774860223,0.0,0.0,0.006345877606543767,0.004442114324580629,0.0019037632819630993,0.0011537959284624614,1.0
Sierra,BOLÍVAR,cattle_meat,cattle,v2_integrated,1 kg product,1.0,0.2121146831030591,0.01928315300936896,0.0011569891805620922,0.2325548252929902,43.38709427108027,0.5784945902810703,0.00017836224649146138,9.641576504684505,3.8566306018738024,5.784945902810702,0.8677418854216054,0.00254537619723666,0.0017817633380656451,0.0007636128591709606,0.0004627956722248066,1.0
Sierra,BOLÍVAR,meat_poultry,poultry,v2_integrated,1 kg meat product,1.0,0.0,0.0101111111111111,0.0015166666666666,0.0116277777777777,13.90277777777778,0.25277777777777777,0.0,3.437777777777778,3.437777777777778,0.0,0.0,0.0033366666666666,0.0023356666666666,0.0010010000000000002,0.0006066666666666,1.0
Sierra,BOLÍVAR,milk,cattle,v2_integrated,1 kg FPCM,1.0,0.04779489186771482,0.004344990169792231,0.000260699410187478,0.05240058144769462,9.776227882032583,0.13034970509376773,3.675689588948337e-05,2.1724950848961293,0.8689980339584519,1.3034970509376778,0.1955245576406516,0.0005735387024125441,0.00040147709168875367,0.00017206161072374378,0.00010427976407499931,0.29760206642412734
Sierra,BOLÍVAR,other_livestock_live,other,v2_integrated,1 kg product,1.0,0.03569685803578911,0.008924214508947245,0.000446210725447305,0.04506728327018376,21.41811482147349,0.017848429017894508,0.0004700192262079098,3.5696858035789147,1.7848429017894574,1.7848429017894574,0.2677264352684186,0.0009816635959841362,0.0006871645171888775,0.00029449907879524375,0.00017848429017888374,1.0
Sierra,BOLÍVAR,swine_live,swine,v2_integrated,1 kg live weight equivalent,1.0,0.05070923096454052,0.07606384644681079,0.001521276928936135,0.12829435434028746,35.49646167517837,0.1521276928936216,0.00026209574494271255,11.156030812198916,7.8092215685392405,0.0,0.0,0.003346809243659597,0.002342766470561698,0.0010040427730978812,0.0006085107715744027,1.0
Sierra,CARCHI,cattle_meat,cattle,v2_integrated,1 kg product,1.0,0.21220421833821446,0.019291292576201272,0.001157477554572032,0.23265298846898785,43.405408296452975,0.5787387772860396,0.0002120240080213957,9.64564628810066,3.858258515240265,5.787387772860396,0.8681081659290594,0.0025464506200585262,0.0017825154340409448,0.0007639351860175206,0.00046299102182878016,1.0
Sierra,CARCHI,eggs,poultry,v2_integrated,1 kg shell eggs,1.0,0.0,0.0047031987630587,0.0007054798144588,0.0054086785775175,6.466898299205749,0.1175799690764681,0.0,1.5990875794399666,1.5990875794399666,0.0,0.0,0.0015520555918093,0.0010864389142665,0.0004656166775428,0.0002821919257835,0.1224120226001586
Sierra,CARCHI,meat_poultry,poultry,v2_integrated,1 kg meat product,1.0,0.0,0.009903393618259823,0.0014855090427389377,0.011388902660998762,13.617166225107269,0.24758484045649576,0.0,3.367153830208342,3.367153830208342,0.0,0.0,0.003268119894025706,0.002287683925817984,0.0009804359682077232,0.0005942036170955529,1.0
Sierra,CARCHI,milk,cattle,v2_integrated,1 kg FPCM,1.0,0.024205080309897455,0.00220046184635428,0.00013202771078122495,0.026537569867033043,4.951039154297216,0.06601385539062951,1.7676005061927502e-05,1.100230923177159,0.44009236927086376,0.6601385539062955,0.09902078308594427,0.0002904609637187233,0.00020332267460309485,8.713828911562072e-05,5.281108431250289e-05,0.1507165648187889
Sierra,CARCHI,other_livestock_live,other,v2_integrated,1 kg product,1.0,0.02957861780607045,0.007394654451517585,0.0003697327225758171,0.037343004980163956,17.747170683642295,0.01478930890303518,0.002416037767038856,2.9578617806070486,1.4789308903035243,1.4789308903035243,0.22183963354552863,0.0008134119896668732,0.0005693883927667902,0.0002440235969000551,0.00014789308903028828,1.0
Sierra,CARCHI,ovine_live,ovine,v2_integrated,1 kg live weight equivalent,1.0,0.27961361830761844,0.03728181577434906,0.0018640907887174138,0.3187595248706851,70.83544997126334,0.09320453943587279,0.0014065616607136398,11.184544732304738,2.2369089464609475,8.94763578584379,1.3421453678765687,0.004100999735178375,0.002870699814624839,0.0012302999205534557,0.0007456363154869139,1.0
Sierra,CARCHI,swine_live,swine,v2_integrated,1 kg live weight equivalent,1.0,0.05286846750013575,0.07930270125020367,0.0015860540250039888,0.1337572227753436,37.007927250095086,0.15860540250040744,0.00023721265174392211,11.631062850029886,8.14174399502092,0.0,0.0,0.0034893188550089464,0.002442523198506224,0.0010467956565026256,0.0006344216100015565,1.0
Sierra,CAÑAR,cattle_meat,cattle,v2_integrated,1 kg product,1.0,0.21136484313722304,0.019214985739747503,0.0011528991443848016,0.23173272802135542,43.233717914431985,0.5764495721924265,0.0001367623199404354,9.607492869873775,3.84299714794951,5.764495721924265,0.8646743582886397,0.0025363781176466257,0.0017754646823526234,0.0007609134352939513,0.0004611596577538906,1.0
Sierra,CAÑAR,meat_poultry,poultry,v2_integrated,1 kg meat product,1.0,0.0,0.01488882154863329,0.0022333232322949456,0.017122144780928234,20.472129629370805,0.37222053871583277,8.727371650316922e-07,5.0621993265353264,5.0621993265353264,0.0,0.0,0.004913311111048942,0.0034393177777342202,0.0014739933333146977,0.0008933292929179478,1.0
Sierra,CAÑAR,milk,cattle,v2_integrated,1 kg FPCM,1.0,0.021107624373368272,0.0019188749430334485,0.00011513249658198134,0.023141631812983777,4.317468621825334,0.057566248291004436,9.25219897626728e-06,0.9594374715167411,0.38377498860669645,0.5756624829100446,0.08634937243650666,0.0002532914924803923,0.0001773040447362624,7.598744774411608e-05,4.6052998632800536e-05,0.13142979061873164
Sierra,CAÑAR,other_livestock_live,other,v2_integrated,1 kg product,1.0,0.03158369950716621,0.007895924876791527,0.0003947962438395228,0.03987442062779737,18.950219704299748,0.015791849753583064,0.0004165159519329754,3.158369950716626,1.579184975358313,1.579184975358313,0.23687774630374694,0.0008685517364470045,0.0006079862155128859,0.00026056552093410324,0.0001579184975357717,1.0
Sierra,CAÑAR,ovine_live,ovine,v2_integrated,1 kg live weight equivalent,1.0,0.2701334471572033,0.03601779295429373,0.0018008896477146505,0.30795212975921177,68.43380661315815,0.0900444823857344,0.000570430995397664,10.80533788628813,2.161067577257626,8.644270309030505,1.2966405463545758,0.003961957224972262,0.002773370057480584,0.001188587167491645,0.0007203558590858145,1.0
Sierra,CAÑAR,swine_live,swine,v2_integrated,1 kg live weight equivalent,1.0,0.04841141615920583,0.07261712423880884,0.0014523424847760979,0.12248088288279095,33.887991311444146,0.14523424847761773,0.00013754843533026842,10.650511555025304,7.455358088517713,0.0,0.0,0.0031951534665075544,0.0022366074265552306,0.0009585460399522348,0.0005809369939104509,1.0
Sierra,CHIMBORAZO,cattle_meat,cattle,v2_integrated,1 kg product,1.0,0.2104485933377294,0.019131690303429896,0.0011479014182057454,0.23072818505936515,43.04630318271738,0.5739507091028985,4.250600027485075e-05,9.565845151714974,3.82633806068599,5.739507091028984,0.8609260636543475,0.002525383120052704,0.0017677681840368774,0.0007576149360157768,0.0004591605672822687,1.0
Sierra,CHIMBORAZO,eggs,poultry,v2_integrated,1 kg shell eggs,1.0,0.0,0.0047031987630587,0.0007054798144588,0.005408678577517501,6.466898299205748,0.11757996907646812,8.210943489560872e-07,1.5990875794399668,1.5990875794399668,0.0,0.0,0.0015520555918093,0.0010864389142665,0.0004656166775428,0.0002821919257835,0.12241202260015861
Sierra,CHIMBORAZO,meat_poultry,poultry,v2_integrated,1 kg meat product,1.0,0.0,0.015263640485576357,0.002289546072836394,0.017553186558412752,20.98750566766752,0.3815910121394092,3.980631531315031e-05,5.189637765095968,5.189637765095968,0.0,0.0,0.00503700136024014,0.003525900952168081,0.0015111004080720582,0.0009158184291345211,1.0
Sierra,CHIMBORAZO,milk,cattle,v2_integrated,1 kg FPCM,1.0,0.02968843932382678,0.002698949029438769,0.00016193694176628166,0.032549325295031906,6.0726353162373,0.080968470883164,6.044243764024727e-06,1.3494745147194003,0.5397898058877602,0.8096847088316402,0.12145270632474599,0.0003562612718858845,0.00024938289032009513,0.00010687838156575752,6.477477670652608e-05,0.18485952256430138
Sierra,CHIMBORAZO,other_livestock_live,other,v2_integrated,1 kg product,1.0,0.044266075673762506,0.011066518918440592,0.0005533259459219782,0.05588592053812518,26.559645404257537,0.02213303783688122,0.00021678038866170627,4.426607567376256,2.213303783688128,2.213303783688128,0.3319955675532192,0.0012173170810284115,0.0008521219567198755,0.0003651951243085192,0.00022133037836875248,1.0
Sierra,CHIMBORAZO,ovine_live,ovine,v2_integrated,1 kg live weight equivalent,1.0,0.26743300861915686,0.035657734482554215,0.0017828867241276775,0.30487362982583893,67.7496955168531,0.08914433620638562,0.00018039684619290095,10.697320344766277,2.139464068953256,8.557856275813023,1.283678441371953,0.0039223507930809184,0.0027456455551566413,0.0011767052379242416,0.0007131546896510283,1.0
Sierra,CHIMBORAZO,swine_live,swine,v2_integrated,1 kg live weight equivalent,1.0,0.06662747569062324,0.0999412135359349,0.0019988242707186577,0.16856751349727686,46.639232983436294,0.1998824270718698,0.0002561403606894357,14.658044651937121,10.260631256355984,0.0,0.0,0.004397413395581096,0.0030781893769067556,0.0013192240186742936,0.0007995297082874394,1.0
Sierra,COTOPAXI,cattle_meat,cattle,v2_integrated,1 kg product,1.0,0.2104705591117578,0.019133687191977937,0.0011480212315186232,0.23075226753525444,43.05079618195046,0.5740106157593394,0.00012227741455602493,9.56684359598899,3.8267374383955968,5.740106157593395,0.8610159236390091,0.0025256467093410446,0.0017679526965387203,0.0007576940128022765,0.000459208492607429,1.0
Sierra,COTOPAXI,eggs,poultry,v2_integrated,1 kg shell eggs,1.0,0.0,0.004703198763058699,0.0007054798144587998,0.005408678577517499,6.466898299205746,0.11757996907646806,1.3293419187957927e-06,1.5990875794399664,1.5990875794399664,0.0,0.0,0.0015520555918092996,0.0010864389142664999,0.00046561667754279983,0.0002821919257835,0.12241202260015858
Sierra,COTOPAXI,meat_poultry,poultry,v2_integrated,1 kg meat product,1.0,0.0,0.029740834143267055,0.004461125121490014,0.03420195926475708,40.89364694699225,0.7435208535816772,7.39566439692938e-06,10.11188360871081,10.11188360871081,0.0,0.0,0.009814475267278083,0.006870132687094652,0.002944342580183431,0.001784450048595979,1.0
Sierra,COTOPAXI,milk,cattle,v2_integrated,1 kg FPCM,1.0,0.024509150034687222,0.0022281045486078994,0.00013368627291643773,0.026870940856211632,5.013235234367848,0.06684313645823793,9.801903694660197e-06,1.1140522743039663,0.4456209097215864,0.6684313645823797,0.10026470468735692,0.0002941098004162066,0.0002058768602913306,8.823294012485946e-05,5.3474509166587544e-05,0.15260990058958435
Sierra,COTOPAXI,other_livestock_live,other,v2_integrated,1 kg product,1.0,0.03616242430917663,0.009040606077294124,0.00045203030386465,0.04565506069033551,21.697454585506005,0.01808121215458827,0.000300012055457737,3.616242430917667,1.8081212154588335,1.8081212154588335,0.27121818231882494,0.0009944666685023009,0.0006961266679515942,0.00029834000055068295,0.00018081212154581712,1.0
Sierra,COTOPAXI,ovine_live,ovine,v2_integrated,1 kg live weight equivalent,1.0,0.26554920652031266,0.035406560869374985,0.0017703280434687183,0.30272609543315643,67.27246565181255,0.08851640217343755,0.0007264716334424954,10.621968260812508,2.1243936521625018,8.497574608650007,1.2746361912975008,0.0038947216956312005,0.002726305186941841,0.0011684165086893272,0.0007081312173874422,1.0
Sierra,COTOPAXI,swine_live,swine,v2_integrated,1 kg live weight equivalent,1.0,0.05867223156250275,0.08800834734375412,0.0017601669468750444,0.148440745853132,41.070562093751946,0.1760166946875083,0.0001436634643205412,12.907890943750614,9.035523660625428,0.0,0.0,0.0038723672831251577,0.002710657098187604,0.0011617101849375239,0.0007040667787499875,1.0
Sierra,IMBABURA,cattle_meat,cattle,v2_integrated,1 kg product,1.0,0.21211906725393273,0.01928355156853929,0.0011570130941123086,0.23255963191658438,43.38799102921351,0.5785065470561802,0.00039235130139656844,9.641775784269669,3.8567103137078673,5.785065470561801,0.8677598205842703,0.0025454288070471415,0.0017818001649329831,0.0007636286421141055,0.0004628052376448998,1.0
Sierra,IMBABURA,meat_poultry,poultry,v2_integrated,1 kg meat product,1.0,0.0,0.012229816561529683,0.0018344724842294258,0.01406428904575911,16.81599777210333,0.3057454140382424,1.1719620319508669e-06,4.158137630920097,4.158137630920097,0.0,0.0,0.0040358394653047715,0.002825087625713331,0.0012107518395914397,0.0007337889936917545,1.0
Sierra,IMBABURA,milk,cattle,v2_integrated,1 kg FPCM,1.0,0.028983241092039695,0.0026348400992762962,0.00015809040595654803,0.0317761715972726,5.928390223371761,0.07904520297829012,2.8218066601001888e-05,1.3174200496381694,0.5269680198552678,0.7904520297829015,0.11856780446743519,0.00034779889310444095,0.00024345922517307963,0.00010433966793132636,6.32361623826243e-05,0.1804684999504341
Sierra,IMBABURA,other_livestock_live,other,v2_integrated,1 kg product,1.0,0.02985980039036924,0.007464950097592281,0.00037324750487955244,0.03769799799284118,17.915880234221568,0.014929900195184575,0.003927591927397179,2.985980039036928,1.492990019518464,1.492990019518464,0.22394850292776958,0.0008211445107350909,0.0005748011575145443,0.0002463433532205336,0.00014929900195178407,1.0
Sierra,IMBABURA,ovine_live,ovine,v2_integrated,1 kg live weight equivalent,1.0,0.27735969332316157,0.036981292443088155,0.0018490646221543696,0.3161900503884042,70.26445564186758,0.09245323110772051,0.000710459883746277,11.094387732926462,2.2188775465852926,8.87551018634117,1.3313265279511755,0.004067942168739649,0.0028475595181177518,0.001220382650621858,0.0007396258488616927,1.0
Sierra,IMBABURA,swine_live,swine,v2_integrated,1 kg live weight equivalent,1.0,0.052856825166244556,0.07928523774936687,0.001585704754987249,0.1337277676705988,36.9997776163712,0.15857047549873363,6.037317843462867e-05,11.628501536573806,8.13995107560166,0.0,0.0,0.0034885504609721216,0.002441985322680447,0.0010465651382915784,0.0006342819019948602,1.0
Sierra,LOJA,cattle_meat,cattle,v2_integrated,1 kg product,1.0,0.21095898137764563,0.01917808921614956,0.0011506853529689243,0.23128775594676418,43.15070073633661,0.5753426764844881,0.0002541685870795465,9.589044608074802,3.8356178432299215,5.753426764844881,0.8630140147267321,0.002531507776531696,0.0017720554435721784,0.0007594523329594728,0.00046027414118753995,1.0
Sierra,LOJA,eggs,poultry,v2_integrated,1 kg shell eggs,1.0,0.0,0.005482719104680027,0.0008224078657019986,0.006305126970382028,7.538738768935075,0.13706797761700132,0.0,1.8641244955912182,1.8641244955912182,0.0,0.0,0.0018092973045443388,0.0012665081131810274,0.0005427891913633113,0.00032896314628077996,0.1427009082040014
Sierra,LOJA,meat_poultry,poultry,v2_integrated,1 kg meat product,1.0,0.0,0.023430551505608316,0.0035145827258412287,0.026945134231449553,32.21700832021151,0.5857637876402092,0.0,7.966387511906845,7.966387511906845,0.0,0.0,0.007732081996850735,0.005412457397795507,0.002319624599055227,0.0014058330903364761,1.0
Sierra,LOJA,milk,cattle,v2_integrated,1 kg FPCM,1.0,0.04720494327572456,0.004291358479611304,0.00025748150877663567,0.05175378326411254,9.65555657912548,0.12874075438833973,3.373612667755942e-05,2.1456792398056628,0.858271695922265,1.2874075438833976,0.1931111315825096,0.0005664593193086653,0.0003965215235160393,0.0001699377957925743,0.00010299260351065418,0.293928662987077
Sierra,LOJA,other_livestock_live,other,v2_integrated,1 kg product,1.0,0.06549732640510085,0.016374331601275174,0.000818716580063707,0.08269037458643984,39.298395843060526,0.032748663202550383,0.0014047502378925435,6.549732640510087,3.2748663202550437,3.2748663202550437,0.4912299480382566,0.0018011764761402126,0.0012608235332981343,0.0005403529428420539,0.0003274866320254482,1.0
Sierra,LOJA,ovine_live,ovine,v2_integrated,1 kg live weight equivalent,1.0,0.26701424960690956,0.035601899947587896,0.00178009499737936,0.30439624455187686,67.6436099004171,0.08900474986896985,0.0009121112512534772,10.680569984276385,2.136113996855277,8.544455987421108,1.281668398113166,0.003916208994234617,0.0027413462959642414,0.0011748626982703513,0.0007120379989516964,1.0
Sierra,LOJA,swine_live,swine,v2_integrated,1 kg live weight equivalent,1.0,0.06069114917045187,0.09103672375567778,0.0018207344751135098,0.1535486074012432,42.48380441931632,0.18207344751135562,0.001629677084964221,13.352052817499416,9.346436972249593,0.0,0.0,0.00400561584524979,0.002803931091674835,0.0012016847535748969,0.0007282937900453688,1.0
Sierra,PICHINCHA,cattle_meat,cattle,v2_integrated,1 kg product,1.0,0.21084827171236048,0.019168024701123634,0.0011500814820673744,0.23116637789555158,43.12805557752829,0.5750407410337105,0.0002971704682432178,9.584012350561842,3.8336049402247374,5.750407410337106,0.8625611115505658,0.002530179260548276,0.0017711254823837804,0.000759053778164448,0.0004600325928269191,1.0
Sierra,PICHINCHA,eggs,poultry,v2_integrated,1 kg shell eggs,1.0,0.0,0.0047031987630587,0.0007054798144588,0.005408678577517501,6.466898299205749,0.11757996907646807,5.952377965262852e-06,1.5990875794399666,1.5990875794399666,0.0,0.0,0.0015520555918093002,0.0010864389142665,0.00046561667754279994,0.00028219192578350004,0.1224120226001586
Sierra,PICHINCHA,meat_poultry,poultry,v2_integrated,1 kg meat product,1.0,0.0,0.014724400076021686,0.002208660011403206,0.01693306008742489,20.246050104529843,0.3681100019005425,2.4216489608778453e-05,5.006296025847379,5.006296025847379,0.0,0.0,0.004859052025087107,0.0034013364175609607,0.0014577156075261423,0.0008834640045612558,1.0
Sierra,PICHINCHA,milk,cattle,v2_integrated,1 kg FPCM,1.0,0.02201795772908912,0.002001632520826249,0.00012009795124955299,0.024139688201164994,4.503673171859146,0.06004897562478858,2.5419967937899742e-05,1.0008162604131436,0.4003265041652575,0.600489756247886,0.0900734634371829,0.0002642154927490333,0.0001849508449243059,7.92646478247124e-05,4.803918049982839e-05,0.13709811786481416
Sierra,PICHINCHA,other_livestock_live,other,v2_integrated,1 kg product,1.0,0.027747329527135916,0.006936832381783952,0.0003468416190891352,0.0350310035280091,16.64839771628157,0.01387366476356791,0.002194013944942564,2.774732952713595,1.3873664763567974,1.3873664763567974,0.20810497145351964,0.0007630515619961735,0.0005341360933973012,0.00022891546859884947,0.00013873664763561515,1.0
Sierra,PICHINCHA,ovine_live,ovine,v2_integrated,1 kg live weight equivalent,1.0,0.2699881922762697,0.03599842563683592,0.0017999212818417558,0.3077865391949474,68.39700870998833,0.08999606409208986,0.0007507689909585321,10.799527691050788,2.1599055382101575,8.63962215284063,1.2959433229260946,0.00395982682005192,0.00277187877403632,0.0011879480460155478,0.0007199685127366666,1.0
Sierra,PICHINCHA,swine_live,swine,v2_integrated,1 kg live weight equivalent,1.0,0.06737037226204369,0.10105555839306557,0.0020211111678612803,0.17044704182297063,47.1592605834306,0.2021111167861312,0.0009463952507362226,14.821481897649624,10.375037328354738,0.0,0.0,0.004446444569294851,0.0031125111985063694,0.0013339333707884044,0.0008084444671444761,1.0
Sierra,TUNGURAHUA,cattle_meat,cattle,v2_integrated,1 kg product,1.0,0.20691862196938215,0.018810783815398337,0.0011286470289238522,0.22685805281370447,42.32426358464636,0.5643235144619514,2.5470535618923944e-05,9.405391907699192,3.762156763079676,5.6432351446195135,0.846485271692927,0.0024830234636325377,0.0017381164245427634,0.0007449070390897247,0.00045145881156951717,1.0
Sierra,TUNGURAHUA,eggs,poultry,v2_integrated,1 kg shell eggs,1.0,0.0,0.004703198763058698,0.0007054798144588,0.005408678577517499,6.466898299205747,0.11757996907646809,6.997933535259997e-07,1.5990875794399664,1.5990875794399664,0.0,0.0,0.0015520555918092998,0.0010864389142665,0.00046561667754279983,0.00028219192578349993,0.12241202260015856
Sierra,TUNGURAHUA,meat_poultry,poultry,v2_integrated,1 kg meat product,1.0,0.0,0.034604163587872536,0.0051906245381808415,0.039794788126053394,47.5807249333248,0.8651040896968145,6.5058486383020495e-06,11.765415619876679,11.765415619876679,0.0,0.0,0.011419373983997897,0.007993561788798526,0.003425812195199372,0.002076249815272314,1.0
Sierra,TUNGURAHUA,milk,cattle,v2_integrated,1 kg FPCM,1.0,0.026080367141258578,0.0023709424673871186,0.00014225654804319188,0.028593566156688947,5.334620551621077,0.07112827402161433,3.3602850482794067e-06,1.1854712336935727,0.4741884934774292,0.7112827402161436,0.10669241103242148,0.0003129644056950693,0.0002190750839865157,9.388932170851594e-05,5.690261921728948e-05,0.16239331968405102
Sierra,TUNGURAHUA,other_livestock_live,other,v2_integrated,1 kg product,1.0,0.03678759819579169,0.009196899548947887,0.00045984497744733645,0.04644434272218703,22.07255891747504,0.0183937990978958,9.82141584973548e-05,3.6787598195791733,1.8393799097895867,1.8393799097895867,0.275906986468438,0.001011658950384208,0.0007081612652689316,0.00030349768511526336,0.0001839379909788939,1.0
Sierra,TUNGURAHUA,ovine_live,ovine,v2_integrated,1 kg live weight equivalent,1.0,0.27434760756470256,0.036579681008626984,0.0018289840504313159,0.31275627262376093,69.50139391639132,0.09144920252156753,0.00017649531811478287,10.973904302588105,2.1947808605176213,8.779123442070485,1.3168685163105724,0.004023764910948925,0.0028166354376642556,0.0012071294732846477,0.0007315936201724848,1.0
Sierra,TUNGURAHUA,swine_live,swine,v2_integrated,1 kg live weight equivalent,1.0,0.05880324974060357,0.08820487461090537,0.0017640974922180628,0.14877222184372707,41.16227481842252,0.17640974922181077,5.189678979119836e-05,12.936714942932793,9.055700460052956,0.0,0.0,0.0038810144828798064,0.002716710138015837,0.0011643043448639108,0.0007056389968871944,1.0
