Region,Province,Crop,Category,count__minValue,count__maxValue,Area_ha__minValue,Area_ha__maxValue,Yield_kgha__minValue,Yield_kgha__maxValue,Irrig_m3__minValue,Irrig_m3__maxValue,Fuel_ha__minValue,Fuel_ha__maxValue,NPK_kgha__minValue,NPK_kgha__maxValue,AN_kgha__minValue,AN_kgha__maxValue,AP_kgha__minValue,AP_kgha__maxValue,AS_kgha__minValue,AS_kgha__maxValue,Total_fert_min_kgha__minValue,Total_fert_min_kgha__maxValue,Total_fert_org_kgha__minValue,Total_fert_org_kgha__maxValue,Insecticide_kgha__minValue,Insecticide_kgha__maxValue,Herbicide_kgha__minValue,Herbicide_kgha__maxValue,Fungicide_kgha__minValue,Fungicide_kgha__maxValue,Total_pesticides_kgha__minValue,Total_pesticides_kgha__maxValue,Organic_estiercol_kgha__minValue,Organic_estiercol_kgha__maxValue,Organic_fermentado_kgha__minValue,Organic_fermentado_kgha__maxValue,Organic_liquido_kgha__minValue,Organic_liquido_kgha__maxValue,Irrig_lake_m3__minValue,Irrig_lake_m3__maxValue,Irrig_river_m3__minValue,Irrig_river_m3__maxValue,Irrig_well_m3__minValue,Irrig_well_m3__maxValue,Seed_kgha__minValue,Seed_kgha__maxValue,N_min__minValue,N_min__maxValue,P_min__minValue,P_min__maxValue,K_min__minValue,K_min__maxValue,N_orga__minValue,N_orga__maxValue,P_orga__minValue,P_orga__maxValue,K_orga__minValue,K_orga__maxValue,N_tot__minValue,N_tot__maxValue,P_tot__minValue,P_tot__maxValue,K_tot__minValue,K_tot__maxValue,kgNH3N_ha__minValue,kgNH3N_ha__maxValue,kgNOxN_ha__minValue,kgNOxN_ha__maxValue,kgNO3N_ha__minValue,kgNO3N_ha__maxValue,kgN2ON_ha_direct__minValue,kgN2ON_ha_direct__maxValue,kgN2ON_ha_indirect__minValue,kgN2ON_ha_indirect__maxValue,kgN2ON_ha__minValue,kgN2ON_ha__maxValue,kgCO2urea_ha__minValue,kgCO2urea_ha__maxValue,kgCO2limestone_ha__minValue,kgCO2limestone_ha__maxValue,kgCO2_fert_ha__minValue,kgCO2_fert_ha__maxValue,soil_erosion_tha__minValue,soil_erosion_tha__maxValue,kgP_ha_erosion__minValue,kgP_ha_erosion__maxValue,kgP_ha_runoff__minValue,kgP_ha_runoff__maxValue,kgP_ha_leaching__minValue,kgP_ha_leaching__maxValue,kgP_ha_drainage__minValue,kgP_ha_drainage__maxValue,kgP_total__minValue,kgP_total__maxValue,Cd_kg_ha__minValue,Cd_kg_ha__maxValue,Cu_kg_ha__minValue,Cu_kg_ha__maxValue,Zn_kg_ha__minValue,Zn_kg_ha__maxValue,Pb_kg_ha__minValue,Pb_kg_ha__maxValue,Ni_kg_ha__minValue,Ni_kg_ha__maxValue,Cr_kg_ha__minValue,Cr_kg_ha__maxValue,Hg_kg_ha__minValue,Hg_kg_ha__maxValue,trace_metals_from_organic__minValue,trace_metals_from_organic__maxValue,SOC_mean_rate_kgChayr__minValue,SOC_mean_rate_kgChayr__maxValue,SOC_mean_rate_kgChayr__minValue__minValue,SOC_mean_rate_kgChayr__minValue__maxValue,SOC_mean_rate_kgChayr__maxValue__minValue,SOC_mean_rate_kgChayr__maxValue__maxValue
(all regions confounded),(all provinces confounded),ABACÁ,permanent,37.0,37.0,6.0,6.0,2881.35593220339,2881.35593220339,,,0.0,0.0,150.0,150.0,0.0,0.0,0.0,0.0,0.0,0.0,0.0,0.0,0.0,0.0,,,1.0,1.0,,,0.0,0.0,15.266623196,15.266623196,90.718474,90.718474,2.0,2.0,0.0,0.0,0.0,0.0,0.0,0.0,0.0,0.0,22.5,22.5,9.819,9.819,18.677249999999997,18.677249999999997,0.8057370745454,0.8057370745454,0.34098555330259034,0.34098555330259034,0.8862300696762637,0.8862300696762637,23.3057370745454,23.3057370745454,10.159985553302592,10.159985553302592,19.56348006967626,19.56348006967626,0.5047623796064066,0.5047623796064066,1.3184911454029942,1.3184911454029942,7.224778493109074,7.224778493109074,0.11652868537272701,0.11652868537272701,0.09300037382167245,0.09300037382167245,0.20952905919439946,0.20952905919439946,0.0,0.0,0.0,0.0,0.0,0.0,2.8851659999999995,2.8851659999999995,1.0196176644,1.0196176644,0.17933880605164534,0.17933880605164534,0.07350024056549999,0.07350024056549999,0.44100144339299996,0.44100144339299996,1.7134581544101453,1.7134581544101453,3.313984114783486e-05,3.313984114783486e-05,0.007084427722007321,0.007084427722007321,0.02132844328519586,0.02132844328519586,0.0007841601029024858,0.0007841601029024858,0.0008877721251037193,0.0008877721251037193,0.001492411638073272,0.001492411638073272,4.2786021298288e-06,4.2786021298288e-06,True,True,0.0,0.0,0.0,0.0,0.0,0.0
(all regions confounded),(all provinces confounded),ACHIOTE,permanent,6.0,6.0,0.7,0.7,795.454545454546,795.454545454546,,,0.0,0.0,0.0,0.0,0.0,0.0,0.0,0.0,0.0,0.0,0.0,0.0,0.0,0.0,,,,,,,0.0,0.0,0.0,0.0,0.0,0.0,0.0,0.0,0.0,0.0,0.0,0.0,0.0,0.0,0.0,0.0,0.0,0.0,0.0,0.0,0.0,0.0,0.0,0.0,0.0,0.0,0.0,0.0,0.0,0.0,0.0,0.0,0.0,0.0,0.0,0.0,0.0,0.0,0.0,0.0,0.0,0.0,0.0,0.0,0.0,0.0,0.0,0.0,0.0,0.0,0.0,0.0,2.8851659999999995,2.8851659999999995,1.0196176644,1.0196176644,0.175,0.175,0.0735,0.0735,0.44099999999999995,0.44099999999999995,1.7091176644,1.7091176644,0.0,0.0,0.0,0.0,0.0,0.0,0.0,0.0,0.0,0.0,0.0,0.0,0.0,0.0,False,False,0.0,0.0,0.0,0.0,0.0,0.0
(all regions confounded),(all provinces confounded),ALCACHOFA,permanent,2.0,2.0,3.85,3.85,12467.532467532466,12467.532467532466,5625.0,5625.0,1237.85,1237.85,176.7243,176.7243,0.0,0.0,0.0,0.0,0.0,0.0,176.7243,176.7243,0.0,0.0,0.4051948051948052,0.4051948051948052,0.935064935064935,0.935064935064935,0.3116883116883117,0.3116883116883117,0.92987012987013,0.92987012987013,0.0,0.0,0.0,0.0,0.0,0.0,0.0,0.0,0.0,0.0,5625.0,5625.0,0.0,0.0,26.508644999999998,26.508644999999998,11.568372678000001,11.568372678000001,22.004826214499996,22.004826214499996,0.0,0.0,0.0,0.0,0.0,0.0,26.508644999999998,26.508644999999998,11.568372678000001,11.568372678000001,22.004826214499996,22.004826214499996,0.5244813379852941,0.5244813379852941,1.5025625074121547,1.5025625074121547,8.217679949999999,8.217679949999999,0.132543225,0.132543225,0.10470914774999998,0.10470914774999998,0.23725237274999997,0.23725237274999997,0.0,0.0,0.0,0.0,0.0,0.0,2.8851659999999995,2.8851659999999995,1.0196176644,1.0196176644,0.180061163046625,0.180061163046625,0.0735,0.0735,0.44099999999999995,0.44099999999999995,1.714178827446625,1.714178827446625,0.0,0.0,0.0,0.0,0.0,0.0,0.0,0.0,0.0,0.0,0.0,0.0,0.0,0.0,False,False,0.0,0.0,0.0,0.0,0.0,0.0
(all regions confounded),(all provinces confounded),ARÁNDANO,permanent,13.0,13.0,1.15,1.15,8386.363636363625,8386.363636363625,11250.0,11250.0,2475.7000000000003,2475.7000000000003,200.0,200.0,125.45666666666666,125.45666666666666,116.5,116.5,345.0,345.0,190.20666666666665,190.20666666666665,0.0,0.0,2.1333333333333333,2.1333333333333333,6.410256410256411,6.410256410256411,7.711538461538462,7.711538461538462,0.0,0.0,0.0,0.0,13356.0,13356.0,105.0,105.0,0.0,0.0,0.0,0.0,0.0,0.0,0.0,0.0,72.65526666666668,72.65526666666668,35.97027,35.97027,196.73369999999997,196.73369999999997,98.52885,98.52885,43.180830917280005,43.180830917280005,106.02603461016002,106.02603461016002,171.18411666666668,171.18411666666668,79.15110091728,79.15110091728,302.75973461015997,302.75973461015997,8.724815482490198,8.724815482490198,9.394385677171945,9.394385677171945,53.06707616666667,53.06707616666667,0.8559205833333334,0.8559205833333334,0.7914560153333333,0.7914560153333333,1.6473765986666669,1.6473765986666669,0.0,0.0,0.0,0.0,0.0,0.0,2.8851659999999995,2.8851659999999995,1.0196176644,1.0196176644,0.19084224053124996,0.19084224053124996,0.07351262968875,0.07351262968875,0.4410757781325,0.4410757781325,1.7250483127525,1.7250483127525,0.00445998,0.00445998,0.9234199800000001,0.9234199800000001,2.563671978,2.563671978,0.11171159999999998,0.11171159999999998,0.121736664,0.121736664,0.2066642319,0.2066642319,0.00045820698,0.00045820698,True,True,0.0,0.0,0.0,0.0,0.0,0.0
(all regions confounded),(all provinces confounded),BABACO,permanent,13.0,13.0,0.18,0.18,28800.0,28800.0,11250.0,11250.0,0.0,0.0,524.1511831111111,524.1511831111111,0.0,0.0,0.0,0.0,503.9915222222222,503.9915222222222,503.9915222222222,503.9915222222222,2834.9523125,2834.9523125,10.0,10.0,,,8.055555555555555,8.055555555555555,1.0,1.0,4535.9237,4535.9237,0.0,0.0,0.0,0.0,0.0,0.0,0.0,0.0,0.0,0.0,0.0,0.0,78.62267746666666,78.62267746666666,34.31093644645333,34.31093644645333,316.28270212307996,316.28270212307996,39.23574000500001,39.23574000500001,13.918111764137967,13.918111764137967,48.54687299508211,48.54687299508211,117.85841747166667,117.85841747166667,48.2290482105913,48.2290482105913,364.8295751181621,364.8295751181621,4.457494288458825,4.457494288458825,6.557531644942019,6.557531644942019,36.53610941621667,36.53610941621667,0.5892920873583334,0.5892920873583334,0.5114465648189334,0.5114465648189334,1.1007386521772666,1.1007386521772666,0.0,0.0,0.0,0.0,0.0,0.0,2.8851659999999995,2.8851659999999995,1.0196176644,1.0196176644,0.20218938248894402,0.20218938248894402,0.0735,0.0735,0.44099999999999995,0.44099999999999995,1.7363070468889439,1.7363070468889439,0.0006544657510545001,0.0006544657510545001,0.177672131329,0.177672131329,0.7973473476045,0.7973473476045,0.006851694185798,0.006851694185798,0.01465194073574,0.01465194073574,0.021339026250464996,0.021339026250464996,0.00034155505461000007,0.00034155505461000007,True,True,0.0,0.0,0.0,0.0,0.0,0.0
(all regions confounded),(all provinces confounded),BAMBÚ O CAÑA GUADUA,permanent,31.0,31.0,1.74,1.74,6818.1818181818,6818.1818181818,,,0.0,0.0,0.0,0.0,0.0,0.0,0.0,0.0,0.0,0.0,0.0,0.0,0.0,0.0,1.48,1.48,2.0,2.0,,,0.0,0.0,0.0,0.0,0.0,0.0,0.0,0.0,0.0,0.0,0.0,0.0,0.0,0.0,0.0,0.0,0.0,0.0,0.0,0.0,0.0,0.0,0.0,0.0,0.0,0.0,0.0,0.0,0.0,0.0,0.0,0.0,0.0,0.0,0.0,0.0,0.0,0.0,0.0,0.0,0.0,0.0,0.0,0.0,0.0,0.0,0.0,0.0,0.0,0.0,0.0,0.0,2.8851659999999995,2.8851659999999995,1.0196176644,1.0196176644,0.175,0.175,0.0735,0.0735,0.44099999999999995,0.44099999999999995,1.7091176644,1.7091176644,0.0,0.0,0.0,0.0,0.0,0.0,0.0,0.0,0.0,0.0,0.0,0.0,0.0,0.0,False,False,0.0,0.0,0.0,0.0,0.0,0.0
(all regions confounded),(all provinces confounded),CABUYA,permanent,1.0,1.0,,,0.0,0.0,,,0.0,0.0,0.0,0.0,0.0,0.0,0.0,0.0,0.0,0.0,,,0.0,0.0,,,,,,,0.0,0.0,0.0,0.0,0.0,0.0,0.0,0.0,0.0,0.0,0.0,0.0,0.0,0.0,0.0,0.0,0.0,0.0,0.0,0.0,0.0,0.0,0.0,0.0,0.0,0.0,0.0,0.0,0.0,0.0,0.0,0.0,0.0,0.0,0.0,0.0,0.0,0.0,0.0,0.0,0.0,0.0,0.0,0.0,0.0,0.0,0.0,0.0,0.0,0.0,0.0,0.0,2.8851659999999995,2.8851659999999995,1.0196176644,1.0196176644,0.175,0.175,0.0735,0.0735,0.44099999999999995,0.44099999999999995,1.7091176644,1.7091176644,0.0,0.0,0.0,0.0,0.0,0.0,0.0,0.0,0.0,0.0,0.0,0.0,0.0,0.0,False,False,0.0,0.0,0.0,0.0,0.0,0.0
(all regions confounded),(all provinces confounded),CARDAMOMO,permanent,1.0,1.0,,,0.0,0.0,,,0.0,0.0,0.0,0.0,0.0,0.0,0.0,0.0,0.0,0.0,,,0.0,0.0,,,,,,,0.0,0.0,0.0,0.0,0.0,0.0,0.0,0.0,0.0,0.0,0.0,0.0,0.0,0.0,0.0,0.0,0.0,0.0,0.0,0.0,0.0,0.0,0.0,0.0,0.0,0.0,0.0,0.0,0.0,0.0,0.0,0.0,0.0,0.0,0.0,0.0,0.0,0.0,0.0,0.0,0.0,0.0,0.0,0.0,0.0,0.0,0.0,0.0,0.0,0.0,0.0,0.0,2.8851659999999995,2.8851659999999995,1.0196176644,1.0196176644,0.175,0.175,0.0735,0.0735,0.44099999999999995,0.44099999999999995,1.7091176644,1.7091176644,0.0,0.0,0.0,0.0,0.0,0.0,0.0,0.0,0.0,0.0,0.0,0.0,0.0,0.0,False,False,0.0,0.0,0.0,0.0,0.0,0.0
(all regions confounded),(all provinces confounded),CAUCHO,permanent,8.0,8.0,12.49,12.49,7004.0053404539385,7004.0053404539385,,,0.0,0.0,160.41666666666666,160.41666666666666,125.20868113522538,125.20868113522538,30.05008347245409,30.05008347245409,50.08347245409015,50.08347245409015,0.0,0.0,0.0,0.0,,,2.3862520868113526,2.3862520868113526,,,0.5,0.5,0.0,0.0,0.0,0.0,0.0,0.0,0.0,0.0,0.0,0.0,0.0,0.0,0.0,0.0,66.63345158597663,66.63345158597663,16.402110392320534,16.402110392320534,44.91885554048413,44.91885554048413,0.0,0.0,0.0,0.0,0.0,0.0,66.63345158597663,66.63345158597663,16.402110392320534,16.402110392320534,44.91885554048413,44.91885554048413,1.3183624377025436,1.3183624377025436,3.776916024661067,3.776916024661067,20.656369991652756,20.656369991652756,0.33316725792988316,0.33316725792988316,0.26320213376460766,0.26320213376460766,0.5963693916944908,0.5963693916944908,0.0,0.0,0.0,0.0,0.0,0.0,2.8851659999999995,2.8851659999999995,1.0196176644,1.0196176644,0.1821759232966402,0.1821759232966402,0.0735,0.0735,0.44099999999999995,0.44099999999999995,1.71629358769664,1.71629358769664,0.0,0.0,0.0,0.0,0.0,0.0,0.0,0.0,0.0,0.0,0.0,0.0,0.0,0.0,False,False,0.0,0.0,0.0,0.0,0.0,0.0
(all regions confounded),(all provinces confounded),CAÑA DE AZÚCAR /BIOCOMBUSTIBLE,permanent,7.0,7.0,5.0,5.0,41014.79915433396,41014.79915433396,,,0.0,0.0,23.69644350097466,23.69644350097466,47.7465652631579,47.7465652631579,0.0,0.0,279.06976744186045,279.06976744186045,66.3793712195122,66.3793712195122,0.0,0.0,7.317073170731708,7.317073170731708,4.803333333333333,4.803333333333333,0.9756097560975612,0.9756097560975612,5.44,5.44,0.0,0.0,0.0,0.0,0.0,0.0,0.0,0.0,0.0,0.0,0.0,0.0,0.0,0.0,19.788298714619888,19.788298714619888,1.5511691915738013,1.5511691915738013,141.94405103461685,141.94405103461685,0.0,0.0,0.0,0.0,0.0,0.0,19.788298714619888,19.788298714619888,1.5511691915738013,1.5511691915738013,141.94405103461685,141.94405103461685,0.39151731015661173,0.39151731015661173,1.1216399681711373,1.1216399681711373,6.134372601532165,6.134372601532165,0.09894149357309945,0.09894149357309945,0.07816377992274856,0.07816377992274856,0.177105273495848,0.177105273495848,0.0,0.0,0.0,0.0,0.0,0.0,2.8851659999999995,2.8851659999999995,1.0196176644,1.0196176644,0.17567863652131352,0.17567863652131352,0.0735,0.0735,0.44099999999999995,0.44099999999999995,1.709796300921313,1.709796300921313,0.0,0.0,0.0,0.0,0.0,0.0,0.0,0.0,0.0,0.0,0.0,0.0,0.0,0.0,False,False,150.0,800.0,150.0,150.0,800.0,800.0
(all regions confounded),(all provinces confounded),CEIBO,permanent,1.0,1.0,,,0.0,0.0,,,0.0,0.0,0.0,0.0,0.0,0.0,0.0,0.0,0.0,0.0,,,0.0,0.0,,,,,,,0.0,0.0,0.0,0.0,0.0,0.0,0.0,0.0,0.0,0.0,0.0,0.0,0.0,0.0,0.0,0.0,0.0,0.0,0.0,0.0,0.0,0.0,0.0,0.0,0.0,0.0,0.0,0.0,0.0,0.0,0.0,0.0,0.0,0.0,0.0,0.0,0.0,0.0,0.0,0.0,0.0,0.0,0.0,0.0,0.0,0.0,0.0,0.0,0.0,0.0,0.0,0.0,2.8851659999999995,2.8851659999999995,1.0196176644,1.0196176644,0.175,0.175,0.0735,0.0735,0.44099999999999995,0.44099999999999995,1.7091176644,1.7091176644,0.0,0.0,0.0,0.0,0.0,0.0,0.0,0.0,0.0,0.0,0.0,0.0,0.0,0.0,False,False,0.0,0.0,0.0,0.0,0.0,0.0
(all regions confounded),(all provinces confounded),CHIRIMOYA,permanent,4.0,4.0,0.875,0.875,4259.879357841744,4259.879357841744,15652.17391304348,15652.17391304348,1237.85,1237.85,66.66856060606061,66.66856060606061,21.33783960292581,21.33783960292581,0.0,0.0,0.0,0.0,88.00640020898642,88.00640020898642,0.0,0.0,12.0,12.0,,,19.199973876698014,19.199973876698014,15.597701149425289,15.597701149425289,0.0,0.0,0.0,0.0,0.0,0.0,0.0,0.0,7826.08695652174,7826.08695652174,0.0,0.0,0.0,0.0,17.255149555903866,17.255149555903866,4.364123977272728,4.364123977272728,8.301235823863635,8.301235823863635,0.0,0.0,0.0,0.0,0.0,0.0,17.255149555903866,17.255149555903866,4.364123977272728,4.364123977272728,8.301235823863635,8.301235823863635,0.341398209007545,0.341398209007545,0.9780560561466135,0.9780560561466135,5.349096362330198,5.349096362330198,0.08627574777951934,0.08627574777951934,0.06815784074582026,0.06815784074582026,0.15443358852533962,0.15443358852533962,0.0,0.0,0.0,0.0,0.0,0.0,2.8851659999999995,2.8851659999999995,1.0196176644,1.0196176644,0.1769093042400568,0.1769093042400568,0.0735,0.0735,0.44099999999999995,0.44099999999999995,1.7110269686400565,1.7110269686400565,0.0,0.0,0.0,0.0,0.0,0.0,0.0,0.0,0.0,0.0,0.0,0.0,0.0,0.0,False,False,0.0,0.0,0.0,0.0,0.0,0.0
(all regions confounded),(all provinces confounded),CIRUELO,permanent,14.0,14.0,1.16,1.16,5454.5454545454495,5454.5454545454495,,,0.0,0.0,0.0,0.0,150.0,150.0,0.0,0.0,0.0,0.0,0.0,0.0,0.0,0.0,0.5,0.5,1.5,1.5,0.3333333333333333,0.3333333333333333,0.125,0.125,0.0,0.0,0.0,0.0,0.0,0.0,0.0,0.0,0.0,0.0,0.0,0.0,0.0,0.0,51.00000000000001,51.00000000000001,0.0,0.0,0.0,0.0,0.0,0.0,0.0,0.0,0.0,0.0,51.00000000000001,51.00000000000001,0.0,0.0,0.0,0.0,1.0090500000000002,1.0090500000000002,2.8907810217391305,2.8907810217391305,15.810000000000002,15.810000000000002,0.25500000000000006,0.25500000000000006,0.20145000000000002,0.20145000000000002,0.4564500000000001,0.4564500000000001,0.0,0.0,0.0,0.0,0.0,0.0,2.8851659999999995,2.8851659999999995,1.0196176644,1.0196176644,0.175,0.175,0.0735,0.0735,0.44099999999999995,0.44099999999999995,1.7091176644,1.7091176644,0.0,0.0,0.0,0.0,0.0,0.0,0.0,0.0,0.0,0.0,0.0,0.0,0.0,0.0,False,False,0.0,0.0,0.0,0.0,0.0,0.0
(all regions confounded),(all provinces confounded),CLAUDIA,permanent,78.0,78.0,0.155,0.155,3218.1818181818167,3218.1818181818167,15652.17391304348,15652.17391304348,2475.7000000000003,2475.7000000000003,226.796185,226.796185,82.399455,82.399455,16.666666666666668,16.666666666666668,90.0,90.0,0.0,0.0,415.7930058333333,415.7930058333333,6.0,6.0,7.692307692307692,7.692307692307692,5.833333333333334,5.833333333333334,0.0,0.0,907.18474,907.18474,58876.289626,58876.289626,15.0,15.0,0.0,0.0,5625.0,5625.0,0.0,0.0,0.0,0.0,62.03524245,62.03524245,18.1190782701,18.1190782701,73.064926975275,73.064926975275,440.6396267521,440.6396267521,192.84138709723075,192.84138709723075,476.1668513947797,476.1668513947797,502.6748692021,502.6748692021,210.96046536733076,210.96046536733076,549.2317783700547,549.2317783700547,33.817610711678995,33.817610711678995,27.11218059966348,27.11218059966348,155.829209452651,155.829209452651,2.5133743460105,2.5133743460105,2.501114096648252,2.501114096648252,5.014488442658752,5.014488442658752,0.0,0.0,0.0,0.0,0.0,0.0,2.8851659999999995,2.8851659999999995,1.0196176644,1.0196176644,0.18537780164564288,0.18537780164564288,0.07350180424125,0.07350180424125,0.4410108254475,0.4410108254475,1.719508095734393,1.719508095734393,0.0195675687267909,0.0195675687267909,4.03161065159738,4.03161065159738,11.032113621940763,11.032113621940763,0.4930143572142595,0.4930143572142595,0.535542551524692,0.535542551524692,0.9094237868537666,0.9094237868537666,0.00208236949757933,0.00208236949757933,True,True,0.0,0.0,0.0,0.0,0.0,0.0
(all regions confounded),(all provinces confounded),COCO (COCOTERO),permanent,69.0,69.0,1.965,1.965,3721.2934716290415,3721.2934716290415,15652.17391304348,15652.17391304348,2475.7000000000003,2475.7000000000003,120.48192771084337,120.48192771084337,66.77933521947615,66.77933521947615,141.7233560090703,141.7233560090703,130.0,130.0,90.54054054054056,90.54054054054056,0.0,0.0,1.417233560090703,1.417233560090703,1.5,1.5,1.75,1.75,1.0,1.0,0.0671988696296296,0.0671988696296296,4800.219885,4800.219885,2.0,2.0,0.0,0.0,0.0,0.0,0.0,0.0,0.0,0.0,40.7772631312484,40.7772631312484,35.71837964101304,35.71837964101304,79.74960722891566,79.74960722891566,35.289097424972304,35.289097424972304,15.496240589411173,15.496240589411173,38.03289500120611,38.03289500120611,76.0663605562207,76.0663605562207,51.21462023042421,51.21462023042421,117.78250223012176,117.78250223012176,3.416813306500593,3.416813306500593,4.20103903661425,4.20103903661425,23.580571772428417,23.580571772428417,0.3803318027811035,0.3803318027811035,0.34175036818428933,0.34175036818428933,0.7220821709653928,0.7220821709653928,0.0,0.0,0.0,0.0,0.0,0.0,2.8851659999999995,2.8851659999999995,1.0196176644,1.0196176644,0.1906289762254105,0.1906289762254105,0.07350024056549999,0.07350024056549999,0.44100144339299996,0.44100144339299996,1.7247483245839104,1.7247483245839104,0.0015850822578389048,0.0015850822578389048,0.3259345469792735,0.3259345469792735,0.8872087649543654,0.8872087649543654,0.04008553754633053,0.04008553754633053,0.043431405705728676,0.043431405705728676,0.07380841588161187,0.07380841588161187,0.00016422258124130812,0.00016422258124130812,True,True,0.0,0.0,0.0,0.0,0.0,0.0
(all regions confounded),(all provinces confounded),DURAZNO (MELOCOTON),permanent,22.0,22.0,0.25,0.25,7272.727272727279,7272.727272727279,13451.08695652174,13451.08695652174,2475.7000000000003,2475.7000000000003,600.0,600.0,181.436948,181.436948,0.0,0.0,0.0,0.0,132.8377655,132.8377655,1270.058636,1270.058636,6.0,6.0,8.0,8.0,6.0,6.0,3.3125,3.3125,1837.0490985,1837.0490985,58876.289626,58876.289626,0.0,0.0,0.0,0.0,11250.0,11250.0,0.0,0.0,0.0,0.0,151.68856232000002,151.68856232000002,39.276,39.276,74.70899999999999,74.70899999999999,448.631203453125,448.631203453125,195.68478100887904,195.68478100887904,486.0878316087715,486.0878316087715,600.319765773125,600.319765773125,234.96078100887905,234.96078100887905,560.7968316087715,560.7968316087715,36.18249442859319,36.18249442859319,32.621850908183795,32.621850908183795,186.09912738966875,186.09912738966875,3.001598828865625,3.001598828865625,2.896161582844,2.896161582844,5.8977604117096245,5.8977604117096245,0.0,0.0,0.0,0.0,0.0,0.0,2.8851659999999995,2.8851659999999995,1.0196176644,1.0196176644,0.19711548085641636,0.19711548085641636,0.0735,0.0735,0.44099999999999995,0.44099999999999995,1.7312331452564163,1.7312331452564163,0.019694234205757073,0.019694234205757073,4.065535938519825,4.065535938519825,11.181214828199685,11.181214828199685,0.49439195452234813,0.49439195452234813,0.5384111993755187,0.5384111993755187,0.9136017872351119,0.9136017872351119,0.0021521932837743796,0.0021521932837743796,True,True,0.0,0.0,0.0,0.0,0.0,0.0
(all regions confounded),(all provinces confounded),ESPARRAGO,permanent,4.0,4.0,2.7,2.7,4000.0,4000.0,11250.0,11250.0,2475.7000000000003,2475.7000000000003,500.0,500.0,487.037037037037,487.037037037037,0.0,0.0,300.0,300.0,1100.0,1100.0,300.0,300.0,3.333333333333333,3.333333333333333,1.1111111111111112,1.1111111111111112,2.222222222222222,2.222222222222222,5.505050505050505,5.505050505050505,600.0,600.0,0.0,0.0,0.0,0.0,0.0,0.0,11250.0,11250.0,0.0,0.0,0.0,0.0,240.59259259259258,240.59259259259258,32.730000000000004,32.730000000000004,211.67549999999997,211.67549999999997,5.190000000000001,5.190000000000001,1.841051042918288,1.841051042918288,6.421652065498647,6.421652065498647,245.78259259259258,245.78259259259258,34.57105104291829,34.57105104291829,218.09715206549862,218.09715206549862,5.1440537128540305,5.1440537128540305,13.915185074350097,13.915185074350097,76.1926037037037,76.1926037037037,1.228912962962963,1.228912962962963,0.9769135407407405,0.9769135407407405,2.2058265037037037,2.2058265037037037,0.0,0.0,0.0,0.0,0.0,0.0,2.8851659999999995,2.8851659999999995,1.0196176644,1.0196176644,0.19093029466255348,0.19093029466255348,0.0735,0.0735,0.44099999999999995,0.44099999999999995,1.7250479590625534,1.7250479590625534,8.6571e-05,8.6571e-05,0.023502,0.023502,0.105471,0.105471,0.0009063239999999999,0.0009063239999999999,0.0019381199999999998,0.0019381199999999998,0.0028226699999999993,0.0028226699999999993,4.5180000000000004e-05,4.5180000000000004e-05,True,True,0.0,0.0,0.0,0.0,0.0,0.0
(all regions confounded),(all provinces confounded),FRUTILLAS O FRESAS,permanent,59.0,59.0,0.2,0.2,14727.27272727272,14727.27272727272,11250.0,11250.0,2475.7000000000003,2475.7000000000003,170.0,170.0,175.718474,175.718474,59.375,59.375,32.0,32.0,109.48781344827589,109.48781344827589,0.0,0.0,3.333333333333333,3.333333333333333,5.555555555555555,5.555555555555555,7.692307692307692,7.692307692307692,1.44,1.44,1360.7771099999998,1360.7771099999998,2721.55422,2721.55422,555.7894736842105,555.7894736842105,0.0,0.0,0.0,0.0,0.0,0.0,0.0,0.0,85.24428116,85.24428116,22.788262500000002,22.788262500000002,37.10547,37.10547,33.69161920271053,33.69161920271053,13.324212289950967,13.324212289950967,37.27800397508655,37.27800397508655,118.93590036271053,118.93590036271053,36.112474789950966,36.112474789950966,74.38347397508655,74.38347397508655,4.178454968029532,4.178454968029532,6.635974016301119,6.635974016301119,36.87012911244026,36.87012911244026,0.5946795018135527,0.5946795018135527,0.5092160008998778,0.5092160008998778,1.1038955027134305,1.1038955027134305,0.0,0.0,0.0,0.0,0.0,0.0,2.8851659999999995,2.8851659999999995,1.0196176644,1.0196176644,0.1891804682344678,0.1891804682344678,0.07356685188631579,0.07356685188631579,0.4414011113178947,0.4414011113178947,1.7237660958386782,1.7237660958386782,0.0013723473547584551,0.0013723473547584551,0.33044360950972107,0.33044360950972107,1.2730187283977492,1.2730187283977492,0.025780907045370973,0.025780907045370973,0.034011423849559894,0.034011423849559894,0.055514267157768145,0.055514267157768145,0.0002027825416359947,0.0002027825416359947,True,True,0.0,0.0,0.0,0.0,0.0,0.0
(all regions confounded),(all provinces confounded),GRANADILLA,permanent,66.0,66.0,0.45,0.45,5102.272727272733,5102.272727272733,11250.0,11250.0,0.0,0.0,300.0,300.0,137.14285714285714,137.14285714285714,0.0,0.0,137.14285714285714,137.14285714285714,274.2857142857143,274.2857142857143,30.239491333333337,30.239491333333337,6.125,6.125,2.8888888888888893,2.8888888888888893,9.666666666666666,9.666666666666666,4.345637583892618,4.345637583892618,453.59237,453.59237,718.1879191666667,718.1879191666667,0.0,0.0,0.0,0.0,0.0,0.0,0.0,0.0,0.0,0.0,91.62857142857143,91.62857142857143,19.638,19.638,105.65987142857142,105.65987142857142,9.202255206375002,9.202255206375002,3.710064238267713,3.710064238267713,10.544274236378719,10.544274236378719,100.83082663494643,100.83082663494643,23.348064238267714,23.348064238267714,116.20414566495015,116.20414566495015,2.4935078565402087,2.4935078565402087,5.686462346751316,5.686462346751316,31.257556256833393,31.257556256833393,0.5041541331747321,0.5041541331747321,0.40904840379949714,0.40904840379949714,0.9132025369742293,0.9132025369742293,0.0,0.0,0.0,0.0,0.0,0.0,2.8851659999999995,2.8851659999999995,1.0196176644,1.0196176644,0.18480945977936206,0.18480945977936206,0.0735,0.0735,0.44099999999999995,0.44099999999999995,1.7189271241793618,1.7189271241793618,0.00030244858843045,0.00030244858843045,0.066481899689975,0.066481899689975,0.21218690084672204,0.21218690084672204,0.006682038543621467,0.006682038543621467,0.007960485614517333,0.007960485614517333,0.013172827991295731,0.013172827991295731,5.872112323609583e-05,5.872112323609583e-05,True,True,0.0,0.0,0.0,0.0,0.0,0.0
(all regions confounded),(all provinces confounded),GUABA,permanent,7.0,7.0,0.1,0.1,818.1818181818179,818.1818181818179,15652.17391304348,15652.17391304348,0.0,0.0,60.0,60.0,0.0,0.0,0.0,0.0,0.0,0.0,60.0,60.0,0.0,0.0,2.5,2.5,,,,,0.0,0.0,0.0,0.0,120.0,120.0,0.0,0.0,0.0,0.0,0.0,0.0,0.0,0.0,0.0,0.0,9.0,9.0,3.9276000000000004,3.9276000000000004,7.470899999999999,7.470899999999999,0.882,0.882,0.3873503856,0.3873503856,0.9506570832000003,0.9506570832000003,9.882,9.882,4.3149503856,4.3149503856,8.4215570832,8.4215570832,0.24330140470588238,0.24330140470588238,0.5573682231191815,0.5573682231191815,3.06342,3.06342,0.04941,0.04941,0.04006584,0.04006584,0.08947584,0.08947584,0.0,0.0,0.0,0.0,0.0,0.0,2.8851659999999995,2.8851659999999995,1.0196176644,1.0196176644,0.17671832499999998,0.17671832499999998,0.0735,0.0735,0.44099999999999995,0.44099999999999995,1.7108359893999996,1.7108359893999996,3.96e-05,3.96e-05,0.0081396,0.0081396,0.02213106,0.02213106,0.0010019999999999999,0.0010019999999999999,0.0010852799999999999,0.0010852799999999999,0.0018444630000000002,0.0018444630000000002,4.1046e-06,4.1046e-06,True,True,0.0,0.0,0.0,0.0,0.0,0.0
(all regions confounded),(all provinces confounded),GUANABANA,permanent,12.0,12.0,2.0,2.0,4090.9090909091,4090.9090909091,11250.0,11250.0,0.0,0.0,162.5,162.5,0.0,0.0,0.0,0.0,0.0,0.0,112.0,112.0,0.0,0.0,1.0,1.0,7.0,7.0,1.0,1.0,0.0,0.0,5000.0,5000.0,0.0,0.0,0.0,0.0,0.0,0.0,0.0,0.0,0.0,0.0,0.0,0.0,24.375,24.375,10.63725,10.63725,20.2336875,20.2336875,43.25000000000001,43.25000000000001,15.342092024319067,15.342092024319067,53.51376721248873,53.51376721248873,67.625,67.625,25.979342024319067,25.979342024319067,73.74745471248873,73.74745471248873,3.681087426470588,3.681087426470588,3.697626248817135,3.697626248817135,20.96375,20.96375,0.338125,0.338125,0.31772125,0.31772125,0.65584625,0.65584625,0.0,0.0,0.0,0.0,0.0,0.0,2.8851659999999995,2.8851659999999995,1.0196176644,1.0196176644,0.19307812739627916,0.19307812739627916,0.0735,0.0735,0.44099999999999995,0.44099999999999995,1.7271957917962788,1.7271957917962788,0.0007214249999999999,0.0007214249999999999,0.19585,0.19585,0.878925,0.878925,0.0075527,0.0075527,0.016151,0.016151,0.023522249999999995,0.023522249999999995,0.00037650000000000004,0.00037650000000000004,True,True,0.0,0.0,0.0,0.0,0.0,0.0
(all regions confounded),(all provinces confounded),GUAYABA,permanent,9.0,9.0,0.425,0.425,12370.129870129873,12370.129870129873,,,0.0,0.0,150.0,150.0,0.0,0.0,0.0,0.0,0.0,0.0,0.0,0.0,0.0,0.0,4.285714285714286,4.285714285714286,2.0,2.0,25.0,25.0,3.0,3.0,6479.8910000000005,6479.8910000000005,0.0,0.0,0.0,0.0,0.0,0.0,0.0,0.0,0.0,0.0,0.0,0.0,22.5,22.5,9.819,9.819,18.677249999999997,18.677249999999997,56.05105715000001,56.05105715000001,19.88301680591138,19.88301680591138,69.35267570726016,69.35267570726016,78.55105715000002,78.55105715000002,29.702016805911384,29.702016805911384,88.02992570726016,88.02992570726016,4.590771246881236,4.590771246881236,4.276833923962957,4.276833923962957,24.350827716500007,24.350827716500007,0.3927552857500001,0.3927552857500001,0.37585641260800007,0.37585641260800007,0.7686116983580003,0.7686116983580003,0.0,0.0,0.0,0.0,0.0,0.0,2.8851659999999995,2.8851659999999995,1.0196176644,1.0196176644,0.19669345220517243,0.19669345220517243,0.0735,0.0735,0.44099999999999995,0.44099999999999995,1.7308111166051723,1.7308111166051723,0.000934951072935,0.000934951072935,0.25381733047000005,0.25381733047000005,1.139067639435,1.139067639435,0.00978813455114,0.00978813455114,0.0209313439082,0.0209313439082,0.03048432321495,0.03048432321495,0.0004879357923,0.0004879357923,True,True,0.0,0.0,0.0,0.0,0.0,0.0
(all regions confounded),(all provinces confounded),HUERTO FRUTAL,permanent,875.0,875.0,0.2,0.2,7272.727272727269,7272.727272727269,0.0,0.0,0.0,0.0,226.796185,226.796185,356.394005,356.394005,0.0,0.0,56.89769853846154,56.89769853846154,90.718474,90.718474,0.0,0.0,4.78021978021978,4.78021978021978,1.923076923076923,1.923076923076923,2.5,2.5,0.0,0.0,1814.36948,1814.36948,12267.96185,12267.96185,0.0,0.0,0.0,0.0,0.0,0.0,0.0,0.0,0.0,0.0,155.19338945,155.19338945,14.846078270100001,14.846078270100001,56.577994709341155,56.577994709341155,105.8638155995,105.8638155995,45.16724264835176,45.16724264835176,116.60728944078183,116.60728944078183,261.0572050495,261.0572050495,60.01332091845176,60.01332091845176,173.18528415012298,173.18528415012298,10.900359202787225,10.900359202787225,14.465591520701219,14.465591520701219,80.927733565345,80.927733565345,1.3052860252475,1.3052860252475,1.1550366241969399,1.1550366241969399,2.46032264944444,2.46032264944444,0.0,0.0,0.0,0.0,0.0,0.0,2.8851659999999995,2.8851659999999995,1.0196176644,1.0196176644,0.18636649836061703,0.18636649836061703,0.0735,0.0735,0.44099999999999995,0.44099999999999995,1.7204841627606169,1.7204841627606169,0.0043102137109218,0.0043102137109218,0.9032047048171001,0.9032047048171001,2.5814639372089747,2.5814639372089747,0.10517815912181917,0.10517815912181917,0.116812223265696,0.116812223265696,0.19710062481465723,0.19710062481465723,0.00055624765692325,0.00055624765692325,True,True,0.0,0.0,0.0,0.0,0.0,0.0
(all regions confounded),(all provinces confounded),LIMA,permanent,5.0,5.0,0.5,0.5,8000.0,8000.0,,,2475.7000000000003,2475.7000000000003,0.0,0.0,0.0,0.0,0.0,0.0,0.0,0.0,0.0,0.0,42456.245832,42456.245832,6.0,6.0,,,,,6.0,6.0,55.55555555555556,55.55555555555556,58876.289626,58876.289626,0.0,0.0,0.0,0.0,0.0,0.0,0.0,0.0,0.0,0.0,0.0,0.0,0.0,0.0,0.0,0.0,433.22128430665555,433.22128430665555,190.21841343356226,190.21841343356226,467.0209454592354,467.0209454592354,433.22128430665555,433.22128430665555,190.21841343356226,190.21841343356226,467.0209454592354,467.0209454592354,32.041555859419425,32.041555859419425,23.198653862383658,23.198653862383658,134.29859813506323,134.29859813506323,2.1661064215332777,2.1661064215332777,2.2180929756500767,2.2180929756500767,4.384199397183354,4.384199397183354,0.0,0.0,0.0,0.0,0.0,0.0,2.8851659999999995,2.8851659999999995,1.0196176644,1.0196176644,0.1751491592280142,0.1751491592280142,0.0735,0.0735,0.44099999999999995,0.44099999999999995,1.7092668236280137,1.7092668236280137,0.019437191409913332,0.019437191409913332,3.9957548364426914,3.9957548364426914,10.868054985753195,10.868054985753195,0.4917009372659888,0.4917009372659888,0.5326566189330996,0.5326566189330996,0.9052208399370069,0.9052208399370069,0.002018046819990663,0.002018046819990663,True,True,0.0,0.0,0.0,0.0,0.0,0.0
(all regions confounded),(all provinces confounded),MANDARINA,permanent,128.0,128.0,0.24,0.24,12424.242424242411,12424.242424242411,18260.869565217392,18260.869565217392,2475.7000000000003,2475.7000000000003,377.38885184,377.38885184,165.37221822916666,165.37221822916666,0.0,0.0,370.1923076923077,370.1923076923077,107.6923076923077,107.6923076923077,0.0,0.0,8.333333333333334,8.333333333333334,6.777777777777778,6.777777777777778,4.166666666666667,4.166666666666667,1.02,1.02,1511.9745666666668,1511.9745666666668,3239.9455000000003,3239.9455000000003,34.285714285714285,34.285714285714285,0.0,0.0,0.0,0.0,0.0,0.0,0.0,0.0,112.83488197391667,112.83488197391667,24.7038742414464,24.7038742414464,231.36855365608832,231.36855365608832,37.010465140952384,37.010465140952384,15.120098506183957,15.120098506183957,41.92075191657352,41.92075191657352,149.84534711486904,149.84534711486904,39.82397274763036,39.82397274763036,273.2893055726619,273.2893055726619,4.969808870132467,4.969808870132467,8.37758547241303,8.37758547241303,46.452057605609404,46.452057605609404,0.7492267355743453,0.7492267355743453,0.635191365318647,0.635191365318647,1.3844181008929923,1.3844181008929923,0.0,0.0,0.0,0.0,0.0,0.0,2.8851659999999995,2.8851659999999995,1.0196176644,1.0196176644,0.18990176074517304,0.18990176074517304,0.07350412398,0.07350412398,0.44102474388,0.44102474388,1.7240482930051728,1.7240482930051728,0.0013044801224943571,0.0013044801224943571,0.28469811846990484,0.28469811846990484,0.8961224465831785,0.8961224465831785,0.029399157272646952,0.029399157272646952,0.0344946187758181,0.0344946187758181,0.057361814913685354,0.057361814913685354,0.0002251197349832143,0.0002251197349832143,True,True,150.0,800.0,150.0,150.0,800.0,800.0
(all regions confounded),(all provinces confounded),MANZANA,permanent,58.0,58.0,0.25,0.25,3340.90909090909,3340.90909090909,15652.17391304348,15652.17391304348,2475.7000000000003,2475.7000000000003,600.0,600.0,118.75,118.75,55.6875,55.6875,90.718474,90.718474,0.0,0.0,292.9450722916667,292.9450722916667,6.0,6.0,8.0,8.0,15.384615384615383,15.384615384615383,2.25,2.25,503.9915222222222,503.9915222222222,58876.289626,58876.289626,20.0,20.0,0.0,0.0,0.0,0.0,0.0,0.0,0.0,0.0,130.375,130.375,50.21191125,50.21191125,119.89224316043999,119.89224316043999,437.1692554183222,437.1692554183222,191.60749460708516,191.60749460708516,471.8619500452168,471.8619500452168,567.5442554183222,567.5442554183222,241.81940585708514,241.81940585708514,591.7541932056567,591.7541932056567,34.91306016809842,34.91306016809842,30.79997781229555,30.79997781229555,175.93871917967988,175.93871917967988,2.837721277091611,2.837721277091611,2.7532878377418095,2.7532878377418095,5.591009114833421,5.591009114833421,0.0,0.0,0.0,0.0,0.0,0.0,2.8851659999999995,2.8851659999999995,1.0196176644,1.0196176644,0.19834090805172172,0.19834090805172172,0.073502405655,0.073502405655,0.44101443393000006,0.44101443393000006,1.7324754120367216,1.7324754120367216,0.01951189399336383,0.01951189399336383,4.016650073257025,4.016650073257025,10.966023302153696,10.966023302153696,0.49241431773107747,0.49241431773107747,0.5342851567926262,0.5342851567926262,0.9075924845203919,0.9075924845203919,0.0020520740482806634,0.0020520740482806634,True,True,0.0,0.0,0.0,0.0,0.0,0.0
(all regions confounded),(all provinces confounded),MORA,permanent,243.0,243.0,0.16,0.16,5461.38072453862,5461.38072453862,15652.17391304348,15652.17391304348,2475.7000000000003,2475.7000000000003,272.155422,272.155422,118.75,118.75,13.333333333333334,13.333333333333334,100.0,100.0,216.9197396963124,216.9197396963124,170.718474,170.718474,4.166666666666667,4.166666666666667,2.5,2.5,4.583333333333334,4.583333333333334,2.5,2.5,1852.1688441666668,1852.1688441666668,5769.904625,5769.904625,80.0,80.0,0.0,0.0,0.0,0.0,0.0,0.0,0.0,0.0,81.1983133,81.1983133,20.43369392412,20.43369392412,83.69343237032999,83.69343237032999,58.70605949579167,58.70605949579167,24.360386815097783,24.360386815097783,65.6993323158643,65.6993323158643,139.90437279579166,139.90437279579166,44.79408073921778,44.79408073921778,149.39276468619428,149.39276468619428,5.948501736758452,5.948501736758452,7.746143848196268,7.746143848196268,43.370355566695416,43.370355566695416,0.6995218639789583,0.6995218639789583,0.6213083621534533,0.6213083621534533,1.3208302261324116,1.3208302261324116,0.0,0.0,0.0,0.0,0.0,0.0,2.8851659999999995,2.8851659999999995,1.0196176644,1.0196176644,0.1889927549408643,0.1889927549408643,0.07350962261999999,0.07350962261999999,0.44105773571999995,0.44105773571999995,1.7231777776808643,1.7231777776808643,0.002211308707930588,0.002211308707930588,0.4772420843397584,0.4772420843397584,1.4662610456897749,1.4662610456897749,0.05112047874461751,0.05112047874461751,0.058885893228927164,0.058885893228927164,0.098447899005118,0.098447899005118,0.000337867901663875,0.000337867901663875,True,True,0.0,0.0,0.0,0.0,0.0,0.0
(all regions confounded),(all provinces confounded),NARANJILLA,permanent,74.0,74.0,0.5,0.5,5227.272727272727,5227.272727272727,11250.0,11250.0,0.0,0.0,403.19321777777776,403.19321777777776,158.33333333333334,158.33333333333334,0.0,0.0,0.0,0.0,137.5,137.5,0.0,0.0,6.333333333333334,6.333333333333334,2.5,2.5,3.25,3.25,0.0,0.0,1179.340162,1179.340162,120.0,120.0,80.0,80.0,0.0,0.0,0.0,0.0,0.0,0.0,0.0,0.0,114.31231600000001,114.31231600000001,26.393028035733334,26.393028035733334,50.203603511599994,50.203603511599994,11.359292401300001,11.359292401300001,4.058427444275872,4.058427444275872,13.738864061921348,13.738864061921348,125.6716084013,125.6716084013,30.451455480009205,30.451455480009205,63.94246757352134,63.94246757352134,3.101849423202974,3.101849423202974,7.0877295409073495,7.0877295409073495,38.958198604403,38.958198604403,0.6283580420065,0.6283580420065,0.509693225294656,0.509693225294656,1.138051267301156,1.138051267301156,0.0,0.0,0.0,0.0,0.0,0.0,2.8851659999999995,2.8851659999999995,1.0196176644,1.0196176644,0.1897935086919747,0.1897935086919747,0.07350962261999999,0.07350962261999999,0.44105773571999995,0.44105773571999995,1.7239785314319747,1.7239785314319747,0.00024976109527417,0.00024976109527417,0.06765435414554,0.06765435414554,0.30600137037716996,0.30600137037716996,0.0029274404883074794,0.0029274404883074794,0.0056147845912924,0.0056147845912924,0.008440609825120899,0.008440609825120899,9.394891419860002e-05,9.394891419860002e-05,True,True,0.0,0.0,0.0,0.0,0.0,0.0
(all regions confounded),(all provinces confounded),OTROS PERMANENTES,permanent,1899.0,1899.0,0.0,599.0,11.086474501108649,109090.9090909092,0.0,15652.17391304348,3851.9916,6864.0084,1.0,10000.0,0.0,1209.5796533333337,5.0,416.6666666666667,10.0,625.0,0.0,10000.0,0.0,75296.33342,0.125,66.66666666666667,0.125,400.0,0.226796185,100.0,0.0,493.59237,0.0,45359.237,0.0,75296.33342,0.0,3333.333333333333,0.0,15652.17391304348,0.0,15652.17391304348,0.0,15652.17391304348,0.0,0.0,0.15,1911.2570821333334,1.04736,736.4250000000001,5.105114999999999,1556.4374999999998,0.0,957.2854506870001,0.0,384.4136491789061,0.0,1088.894502490087,0.15,2868.5425328203337,1.04736,1120.838649178906,5.105114999999999,2645.332002490087,0.0029677941176470585,108.61674165543172,0.008502297122762148,159.5957087934487,0.0465,889.2481851743034,0.00075,14.342712664101668,0.0005925,12.450766981944108,0.0013425,26.793479646045775,0.0,0.0,0.0,0.0,0.0,0.0,2.8851659999999995,2.8851659999999995,1.0196176644,1.0196176644,0.17545822,0.6223106029362073,0.0735,0.0739009425,0.44099999999999995,0.44340565499999995,1.7095758844,2.159234864836207,0.0,0.03305911420581166,0.0,7.4390716091686,0.0,25.050037415195206,0.0,0.7032413259149799,0.0,0.85749944680788,0.0,1.4144011044117621,0.0,0.0060343949640644335,False,True,150.0,800.0,150.0,150.0,800.0,800.0
(all regions confounded),(all provinces confounded),PAJA TOQUILLA,permanent,6.0,6.0,2.0,2.0,2290.90909090909,2290.90909090909,,,0.0,0.0,0.0,0.0,0.0,0.0,0.0,0.0,0.0,0.0,0.0,0.0,0.0,0.0,,,,,,,0.0,0.0,0.0,0.0,0.0,0.0,0.0,0.0,0.0,0.0,0.0,0.0,0.0,0.0,0.0,0.0,0.0,0.0,0.0,0.0,0.0,0.0,0.0,0.0,0.0,0.0,0.0,0.0,0.0,0.0,0.0,0.0,0.0,0.0,0.0,0.0,0.0,0.0,0.0,0.0,0.0,0.0,0.0,0.0,0.0,0.0,0.0,0.0,0.0,0.0,0.0,0.0,2.8851659999999995,2.8851659999999995,1.0196176644,1.0196176644,0.175,0.175,0.0735,0.0735,0.44099999999999995,0.44099999999999995,1.7091176644,1.7091176644,0.0,0.0,0.0,0.0,0.0,0.0,0.0,0.0,0.0,0.0,0.0,0.0,0.0,0.0,False,False,0.0,0.0,0.0,0.0,0.0,0.0
(all regions confounded),(all provinces confounded),PAPAYA,permanent,46.0,46.0,1.0,1.0,10909.090909090904,10909.090909090904,0.0,0.0,0.0,0.0,200.0,200.0,82.5,82.5,45.359237,45.359237,440.0,440.0,200.0,200.0,0.0,0.0,0.9,0.9,1.6666666666666663,1.6666666666666663,0.5,0.5,0.0,0.0,0.0,0.0,20000.0,20000.0,0.0,0.0,0.0,0.0,0.0,0.0,0.0,0.0,0.0,0.0,58.05,58.05,21.999646962059998,21.999646962059998,244.04939999999996,244.04939999999996,147.0,147.0,64.5583976,64.5583976,158.44284720000005,158.44284720000005,205.05,205.05,86.55804456206,86.55804456206,402.4922472,402.4922472,12.020829264705881,12.020829264705881,11.1621216120844,11.1621216120844,63.5655,63.5655,1.02525,1.02525,0.9819374999999999,0.9819374999999999,2.0071874999999997,2.0071874999999997,0.0,0.0,0.0,0.0,0.0,0.0,2.8851659999999995,2.8851659999999995,1.0196176644,1.0196176644,0.18462484554590125,0.18462484554590125,0.0735,0.0735,0.44099999999999995,0.44099999999999995,1.7187425099459008,1.7187425099459008,0.0066,0.0066,1.3566000000000003,1.3566000000000003,3.68851,3.68851,0.16699999999999998,0.16699999999999998,0.18087999999999999,0.18087999999999999,0.3074105,0.3074105,0.0006841,0.0006841,True,True,0.0,0.0,0.0,0.0,0.0,0.0
(all regions confounded),(all provinces confounded),PEPINO DULCE,permanent,6.0,6.0,0.1,0.1,9090.909090909088,9090.909090909088,15652.17391304348,15652.17391304348,1237.85,1237.85,453.59237,453.59237,0.0,0.0,0.0,0.0,0.0,0.0,453.59237,453.59237,0.0,0.0,6.0,6.0,2.0,2.0,8.0,8.0,0.0,0.0,2494.7580350000003,2494.7580350000003,0.0,0.0,0.0,0.0,0.0,0.0,0.0,0.0,0.0,0.0,0.0,0.0,68.0388555,68.0388555,29.692156540200003,29.692156540200003,56.479053950549996,56.479053950549996,21.579657002750007,21.579657002750007,7.654961470275882,7.654961470275882,26.700780147295166,26.700780147295166,89.61851250275001,89.61851250275001,37.34711801047588,37.34711801047588,83.17983409784516,83.17983409784516,2.9422255872507463,2.9422255872507463,5.012150504244088,5.012150504244088,27.7817388758525,27.7817388758525,0.44809256251375007,0.44809256251375007,0.37924132307908,0.37924132307908,0.82733388559283,0.82733388559283,0.0,0.0,0.0,0.0,0.0,0.0,2.8851659999999995,2.8851659999999995,1.0196176644,1.0196176644,0.1946884097728289,0.1946884097728289,0.0735,0.0735,0.44099999999999995,0.44099999999999995,1.7288060741728288,1.7288060741728288,0.000359956163079975,0.000359956163079975,0.09771967223095002,0.09771967223095002,0.43854104118247506,0.43854104118247506,0.0037684318021889,0.0037684318021889,0.008058567404657001,0.008058567404657001,0.01173646443775575,0.01173646443775575,0.00018785528003550003,0.00018785528003550003,True,True,0.0,0.0,0.0,0.0,0.0,0.0
(all regions confounded),(all provinces confounded),PERA,permanent,24.0,24.0,0.12,0.12,3409.09090909091,3409.09090909091,15652.17391304348,15652.17391304348,2475.7000000000003,2475.7000000000003,239.39597305555557,239.39597305555557,0.0,0.0,0.0,0.0,0.0,0.0,0.0,0.0,337.9072961111111,337.9072961111111,2.5,2.5,0.9375,0.9375,1.5865384615384617,1.5865384615384617,0.0,0.0,1628.2803025641026,1628.2803025641026,45.35923700000001,45.35923700000001,0.0,0.0,0.0,0.0,15652.17391304348,15652.17391304348,0.0,0.0,0.0,0.0,35.909395958333334,35.909395958333334,15.67086039621667,15.67086039621667,29.8083895850125,29.8083895850125,14.418015009129489,14.418015009129489,5.142661231518843,5.142661231518843,17.7864249464742,17.7864249464742,50.327410967462825,50.327410967462825,20.81352162773551,20.81352162773551,47.5948145314867,47.5948145314867,1.7768513130684873,1.7768513130684873,2.807488884362803,2.807488884362803,15.601497399913475,15.601497399913475,0.25163705483731413,0.25163705483731413,0.21566235088215963,0.21566235088215963,0.46729940571947376,0.46729940571947376,0.0,0.0,0.0,0.0,0.0,0.0,2.8851659999999995,2.8851659999999995,1.0196176644,1.0196176644,0.18622771601592658,0.18622771601592658,0.0735,0.0735,0.44099999999999995,0.44099999999999995,1.7203453804159263,1.7203453804159263,0.00024990497166546154,0.00024990497166546154,0.0668564564971459,0.0668564564971459,0.29459265294957426,0.29459265294957426,0.002838332157185179,0.002838332157185179,0.005669899972770565,0.005669899972770565,0.008357358555687117,0.008357358555687117,0.00012416101948466192,0.00012416101948466192,True,True,0.0,0.0,0.0,0.0,0.0,0.0
(all regions confounded),(all provinces confounded),PIMIENTA NEGRA (GRANO FRESCO),permanent,3.0,3.0,0.375,0.375,210.0,210.0,,,0.0,0.0,0.0,0.0,400.0,400.0,0.0,0.0,0.0,0.0,200.0,200.0,0.0,0.0,4.0,4.0,4.0,4.0,,,4.0,4.0,0.0,0.0,0.0,0.0,0.0,0.0,0.0,0.0,0.0,0.0,0.0,0.0,0.0,0.0,136.0,136.0,0.0,0.0,0.0,0.0,0.0,0.0,0.0,0.0,0.0,0.0,136.0,136.0,0.0,0.0,0.0,0.0,2.6908,2.6908,7.708749391304349,7.708749391304349,42.16,42.16,0.68,0.68,0.5371999999999999,0.5371999999999999,1.2172,1.2172,0.0,0.0,0.0,0.0,0.0,0.0,2.8851659999999995,2.8851659999999995,1.0196176644,1.0196176644,0.175,0.175,0.0735,0.0735,0.44099999999999995,0.44099999999999995,1.7091176644,1.7091176644,0.0,0.0,0.0,0.0,0.0,0.0,0.0,0.0,0.0,0.0,0.0,0.0,0.0,0.0,False,False,0.0,0.0,0.0,0.0,0.0,0.0
(all regions confounded),(all provinces confounded),PIMIENTA NEGRA (GRANO SECO),permanent,9.0,9.0,0.5,0.5,1590.90909090909,1590.90909090909,,,0.0,0.0,100.0,100.0,0.0,0.0,0.0,0.0,0.0,0.0,50.0,50.0,0.0,0.0,0.5033557046979866,0.5033557046979866,1.5,1.5,,,1.0,1.0,0.0,0.0,0.0,0.0,0.0,0.0,0.0,0.0,0.0,0.0,0.0,0.0,0.0,0.0,15.0,15.0,6.546,6.546,12.4515,12.4515,0.0,0.0,0.0,0.0,0.0,0.0,15.0,15.0,6.546,6.546,12.4515,12.4515,0.2967794117647059,0.2967794117647059,0.8502297122762148,0.8502297122762148,4.65,4.65,0.075,0.075,0.05925,0.05925,0.13424999999999998,0.13424999999999998,0.0,0.0,0.0,0.0,0.0,0.0,2.8851659999999995,2.8851659999999995,1.0196176644,1.0196176644,0.17786387499999998,0.17786387499999998,0.0735,0.0735,0.44099999999999995,0.44099999999999995,1.7119815393999995,1.7119815393999995,0.0,0.0,0.0,0.0,0.0,0.0,0.0,0.0,0.0,0.0,0.0,0.0,0.0,0.0,False,False,0.0,0.0,0.0,0.0,0.0,0.0
(all regions confounded),(all provinces confounded),PITAHAYA AMARILLA,permanent,38.0,38.0,2.0,2.0,10454.545454545449,10454.545454545449,11250.0,11250.0,0.0,0.0,211.6764393333333,211.6764393333333,145.1495584,145.1495584,211.6764393333333,211.6764393333333,57.142857142857146,57.142857142857146,171.45791586,171.45791586,512.29141625,512.29141625,3.401942775,3.401942775,7.298853600000001,7.298853600000001,5.782778709795919,5.782778709795919,7.366111854333333,7.366111854333333,3118.44754375,3118.44754375,226.796185,226.796185,2.5,2.5,0.0,0.0,0.0,0.0,0.0,0.0,0.0,0.0,81.102315756,81.102315756,55.42535887503999,55.42535887503999,54.81746327216142,54.81746327216142,28.650148213187503,28.650148213187503,10.30241825211451,10.30241825211451,35.17787497339384,35.17787497339384,109.7524639691875,109.7524639691875,65.7277771271545,65.7277771271545,89.99533824555526,89.99533824555526,3.72363183875881,3.72363183875881,6.131232466672616,6.131232466672616,34.02326383044812,34.02326383044812,0.5487623198459375,0.5487623198459375,0.4670429060877199,0.4670429060877199,1.0158052259336574,1.0158052259336574,0.0,0.0,0.0,0.0,0.0,0.0,2.8851659999999995,2.8851659999999995,1.0196176644,1.0196176644,0.2076237145065692,0.2076237145065692,0.073500300706875,0.073500300706875,0.44100180424124996,0.44100180424124996,1.7417434838546941,1.7417434838546941,0.0005260379448999686,0.0005260379448999686,0.13794942551723752,0.13794942551723752,0.5923958012948112,0.5923958012948112,0.006608787897486125,0.006608787897486125,0.012146853952961249,0.012146853952961249,0.018189306978641812,0.018189306978641812,0.00024260916355230003,0.00024260916355230003,True,True,0.0,0.0,0.0,0.0,0.0,0.0
(all regions confounded),(all provinces confounded),PITAHAYA ROJA,permanent,46.0,46.0,3.995,3.995,9295.454545454551,9295.454545454551,11250.0,11250.0,2475.7000000000003,2475.7000000000003,180.718474,180.718474,80.0,80.0,18.0,18.0,125.0,125.0,162.5,162.5,0.0,0.0,0.9347826086956522,0.9347826086956522,3.4814814814814814,3.4814814814814814,10.85,10.85,0.8347826086956522,0.8347826086956522,2250.62656641604,2250.62656641604,160.0,160.0,62.4,62.4,0.0,0.0,0.0,0.0,0.0,0.0,0.0,0.0,54.3077711,54.3077711,15.364671308039998,15.364671308039998,84.75966079010999,84.75966079010999,20.859199799498747,20.859199799498747,7.4631781996664275,7.4631781996664275,25.48493960908615,25.48493960908615,75.16697089949875,75.16697089949875,22.827849507706425,22.827849507706425,110.24460039919614,110.24460039919614,2.6172661814933385,2.6172661814933385,4.195265533693357,4.195265533693357,23.301760978844612,23.301760978844612,0.37583485449749376,0.37583485449749376,0.32131479881843356,0.32131479881843356,0.6971496533159274,0.6971496533159274,0.0,0.0,0.0,0.0,0.0,0.0,2.8851659999999995,2.8851659999999995,1.0196176644,1.0196176644,0.18782722170877564,0.18782722170877564,0.0735075056436,0.0735075056436,0.4410450338616,0.4410450338616,1.7219974256139756,1.7219974256139756,0.0004087316541353383,0.0004087316541353383,0.1093994426065163,0.1093994426065163,0.48485127097744357,0.48485127097744357,0.0048479814536340855,0.0048479814536340855,0.009278613934837093,0.009278613934837093,0.013864684150375936,0.013864684150375936,0.0001757561804511278,0.0001757561804511278,True,True,0.0,0.0,0.0,0.0,0.0,0.0
(all regions confounded),(all provinces confounded),PLANTAS MEDICINALES,permanent,25.0,25.0,0.15,0.15,12124.675324675323,12124.675324675323,0.0,0.0,0.0,0.0,204.1165665,204.1165665,0.0,0.0,0.0,0.0,0.0,0.0,204.1165665,204.1165665,0.0,0.0,12.0,12.0,0.935064935064935,0.935064935064935,10.155844155844155,10.155844155844155,0.0,0.0,907.18474,907.18474,0.0,0.0,0.0,0.0,0.0,0.0,0.0,0.0,0.0,0.0,0.0,0.0,30.617484975,30.617484975,13.36147044309,13.36147044309,25.4155742777475,25.4155742777475,7.847148001000002,7.847148001000002,2.783622352827593,2.783622352827593,9.709374599016423,9.709374599016423,38.464632976000004,38.464632976000004,16.145092795917595,16.145092795917595,35.12494887676392,35.12494887676392,1.1861602434657994,1.1861602434657994,2.1556682058378476,2.1556682058378476,11.924036222560002,11.924036222560002,0.19232316488000004,0.19232316488000004,0.16111646341636998,0.16111646341636998,0.35343962829637,0.35343962829637,0.0,0.0,0.0,0.0,0.0,0.0,2.8851659999999995,2.8851659999999995,1.0196176644,1.0196176644,0.183281312877576,0.183281312877576,0.0735,0.0735,0.44099999999999995,0.44099999999999995,1.717398977277576,1.717398977277576,0.0001308931502109,0.0001308931502109,0.0355344262658,0.0355344262658,0.1594694695209,0.1594694695209,0.0013703388371596,0.0013703388371596,0.002930388147148,0.002930388147148,0.004267805250093,0.004267805250093,6.8311010922e-05,6.8311010922e-05,True,True,0.0,0.0,0.0,0.0,0.0,0.0
(all regions confounded),(all provinces confounded),SABILA,permanent,2.0,2.0,2.65,2.65,7511.363636363633,7511.363636363633,,,1237.85,1237.85,0.0,0.0,0.0,0.0,0.0,0.0,0.0,0.0,0.0,0.0,529.1910983333333,529.1910983333333,,,,,,,0.0,0.0,1058.3821966666667,1058.3821966666667,0.0,0.0,0.0,0.0,0.0,0.0,0.0,0.0,0.0,0.0,0.0,0.0,0.0,0.0,0.0,0.0,0.0,0.0,9.155006001166669,9.155006001166669,3.247559411632192,3.247559411632192,11.327603698852492,11.327603698852492,9.155006001166669,9.155006001166669,3.247559411632192,3.247559411632192,11.327603698852492,11.327603698852492,0.6771150144415823,0.6771150144415823,0.4902432614062767,0.4902432614062767,2.8380518603616673,2.8380518603616673,0.04577503000583334,0.04577503000583334,0.046873630725973336,0.046873630725973336,0.09264866073180668,0.09264866073180668,0.0,0.0,0.0,0.0,0.0,0.0,2.8851659999999995,2.8851659999999995,1.0196176644,1.0196176644,0.17784161448517813,0.17784161448517813,0.0735,0.0735,0.44099999999999995,0.44099999999999995,1.7119592788851778,1.7119592788851778,0.00015270867524605,0.00015270867524605,0.041456830643433334,0.041456830643433334,0.18604771444104998,0.18604771444104998,0.0015987286433528664,0.0015987286433528664,0.0034187861716726666,0.0034187861716726666,0.004979106125108499,0.004979106125108499,7.9696179409e-05,7.9696179409e-05,True,True,0.0,0.0,0.0,0.0,0.0,0.0
(all regions confounded),(all provinces confounded),SACHA INCHI,permanent,1.0,1.0,7.0,7.0,1649.142857142857,1649.142857142857,,,0.0,0.0,0.0,0.0,0.0,0.0,0.0,0.0,0.0,0.0,0.0,0.0,0.0,0.0,,,,,,,0.0,0.0,0.0,0.0,0.0,0.0,0.0,0.0,0.0,0.0,0.0,0.0,0.0,0.0,0.0,0.0,0.0,0.0,0.0,0.0,0.0,0.0,0.0,0.0,0.0,0.0,0.0,0.0,0.0,0.0,0.0,0.0,0.0,0.0,0.0,0.0,0.0,0.0,0.0,0.0,0.0,0.0,0.0,0.0,0.0,0.0,0.0,0.0,0.0,0.0,0.0,0.0,2.8851659999999995,2.8851659999999995,1.0196176644,1.0196176644,0.175,0.175,0.0735,0.0735,0.44099999999999995,0.44099999999999995,1.7091176644,1.7091176644,0.0,0.0,0.0,0.0,0.0,0.0,0.0,0.0,0.0,0.0,0.0,0.0,0.0,0.0,False,False,0.0,0.0,0.0,0.0,0.0,0.0
(all regions confounded),(all provinces confounded),TAXO,permanent,4.0,4.0,0.515,0.515,5051.51515151515,5051.51515151515,0.0,0.0,0.0,0.0,0.0,0.0,0.0,0.0,0.0,0.0,0.0,0.0,0.0,0.0,0.0,0.0,,,,,15.0,15.0,0.0,0.0,9071.8474,9071.8474,0.0,0.0,0.0,0.0,0.0,0.0,0.0,0.0,0.0,0.0,0.0,0.0,0.0,0.0,0.0,0.0,0.0,0.0,78.47148001000002,78.47148001000002,27.836223528275934,27.836223528275934,97.09374599016422,97.09374599016422,78.47148001000002,78.47148001000002,27.836223528275934,27.836223528275934,97.09374599016422,97.09374599016422,5.803842980927848,5.803842980927848,4.202085097768086,4.202085097768086,24.326158803100007,24.326158803100007,0.39235740005000014,0.39235740005000014,0.4017739776512001,0.4017739776512001,0.7941313777012002,0.7941313777012002,0.0,0.0,0.0,0.0,0.0,0.0,2.8851659999999995,2.8851659999999995,1.0196176644,1.0196176644,0.19935669558724145,0.19935669558724145,0.0735,0.0735,0.44099999999999995,0.44099999999999995,1.733474359987241,1.733474359987241,0.0013089315021090002,0.0013089315021090002,0.355344262658,0.355344262658,1.594694695209,1.594694695209,0.013703388371596,0.013703388371596,0.02930388147148,0.02930388147148,0.04267805250092999,0.04267805250092999,0.0006831101092200001,0.0006831101092200001,True,True,0.0,0.0,0.0,0.0,0.0,0.0
(all regions confounded),(all provinces confounded),TUNA,permanent,4.0,4.0,0.185,0.185,2454.545454545456,2454.545454545456,,,0.0,0.0,0.0,0.0,0.0,0.0,0.0,0.0,0.0,0.0,0.0,0.0,0.0,0.0,,,,,,,0.0,0.0,0.0,0.0,0.0,0.0,0.0,0.0,0.0,0.0,0.0,0.0,0.0,0.0,0.0,0.0,0.0,0.0,0.0,0.0,0.0,0.0,0.0,0.0,0.0,0.0,0.0,0.0,0.0,0.0,0.0,0.0,0.0,0.0,0.0,0.0,0.0,0.0,0.0,0.0,0.0,0.0,0.0,0.0,0.0,0.0,0.0,0.0,0.0,0.0,0.0,0.0,2.8851659999999995,2.8851659999999995,1.0196176644,1.0196176644,0.175,0.175,0.0735,0.0735,0.44099999999999995,0.44099999999999995,1.7091176644,1.7091176644,0.0,0.0,0.0,0.0,0.0,0.0,0.0,0.0,0.0,0.0,0.0,0.0,0.0,0.0,False,False,0.0,0.0,0.0,0.0,0.0,0.0
(all regions confounded),(all provinces confounded),TÉ,permanent,1.0,1.0,278.0,278.0,10791.36690647482,10791.36690647482,,,0.0,0.0,575.5395683453237,575.5395683453237,0.0,0.0,0.0,0.0,0.0,0.0,575.5395683453237,575.5395683453237,0.0,0.0,,,4.0,4.0,,,4.0,4.0,0.0,0.0,0.0,0.0,0.0,0.0,0.0,0.0,0.0,0.0,0.0,0.0,0.0,0.0,86.33093525179855,86.33093525179855,37.674820143884894,37.674820143884894,71.66330935251797,71.66330935251797,0.0,0.0,0.0,0.0,0.0,0.0,86.33093525179855,86.33093525179855,37.674820143884894,37.674820143884894,71.66330935251797,71.66330935251797,1.7080829454083788,1.7080829454083788,4.8934084159782145,4.8934084159782145,26.76258992805755,26.76258992805755,0.4316546762589928,0.4316546762589928,0.34100719424460424,0.34100719424460424,0.772661870503597,0.772661870503597,0.0,0.0,0.0,0.0,0.0,0.0,2.8851659999999995,2.8851659999999995,1.0196176644,1.0196176644,0.1914827338129496,0.1914827338129496,0.0735,0.0735,0.44099999999999995,0.44099999999999995,1.7256003982129493,1.7256003982129493,0.0,0.0,0.0,0.0,0.0,0.0,0.0,0.0,0.0,0.0,0.0,0.0,0.0,0.0,False,False,0.0,0.0,0.0,0.0,0.0,0.0
(all regions confounded),(all provinces confounded),UVA (VID),permanent,10.0,10.0,0.625,0.625,7999.999999999999,7999.999999999999,11250.0,11250.0,2475.7000000000003,2475.7000000000003,600.0,600.0,160.0,160.0,80.0,80.0,120.0,120.0,600.0,600.0,680.388555,680.388555,11.0,11.0,8.0,8.0,20.0,20.0,28.0,28.0,2086.524902,2086.524902,0.0,0.0,0.0,0.0,0.0,0.0,11250.0,11250.0,0.0,0.0,0.0,0.0,144.4,144.4,54.9864,54.9864,134.47619999999998,134.47619999999998,18.048440402300002,18.048440402300002,6.402331411503464,6.402331411503464,22.331561577737773,22.331561577737773,162.4484404023,162.4484404023,61.38873141150347,61.38873141150347,156.80776157773775,156.80776157773775,4.191880356201641,4.191880356201641,9.151357602665689,9.151357602665689,50.359016524713,50.359016524713,0.8122422020115001,0.8122422020115001,0.6627880148597759,0.6627880148597759,1.475030216871276,1.475030216871276,0.0,0.0,0.0,0.0,0.0,0.0,2.8851659999999995,2.8851659999999995,1.0196176644,1.0196176644,0.20465858998506553,0.20465858998506553,0.0735,0.0735,0.44099999999999995,0.44099999999999995,1.7387762543850651,1.7387762543850651,0.00030105424548506997,0.00030105424548506997,0.08172918041134002,0.08172918041134002,0.36677977989807004,0.36677977989807004,0.00315177932546708,0.00315177932546708,0.0067398927384404,0.0067398927384404,0.009815952075213899,0.009815952075213899,0.00015711532512060003,0.00015711532512060003,True,True,0.0,0.0,0.0,0.0,0.0,0.0
(all regions confounded),(all provinces confounded),UVILLA,permanent,6.0,6.0,0.6849999999999999,0.6849999999999999,5608.391608391618,5608.391608391618,0.0,0.0,0.0,0.0,10.0,10.0,0.0,0.0,0.0,0.0,0.0,0.0,5.0,5.0,0.0,0.0,,,,,,,0.0,0.0,387.6857863247864,387.6857863247864,581.5286794871795,581.5286794871795,0.0,0.0,0.0,0.0,0.0,0.0,0.0,0.0,0.0,0.0,1.5,1.5,0.6546000000000001,0.6546000000000001,1.2451499999999998,1.2451499999999998,7.627717845940172,7.627717845940172,3.0667101873698894,3.0667101873698894,8.756258369515303,8.756258369515303,9.127717845940172,9.127717845940172,3.7213101873698893,3.7213101873698893,10.001408369515303,10.001408369515303,0.5938329268479068,0.5938329268479068,0.49348117140837894,0.49348117140837894,2.829592532241453,2.829592532241453,0.04563858922970086,0.04563858922970086,0.04497891537121367,0.04497891537121367,0.09061750460091453,0.09061750460091453,0.0,0.0,0.0,0.0,0.0,0.0,2.8851659999999995,2.8851659999999995,1.0196176644,1.0196176644,0.17632727192680517,0.17632727192680517,0.0735,0.0735,0.44099999999999995,0.44099999999999995,1.7104449363268048,1.7104449363268048,0.000247841707910641,0.000247841707910641,0.05463074257995728,0.05463074257995728,0.1753980634278654,0.1753980634278654,0.005441379361392992,0.005441379361392992,0.0065116480042683765,0.0065116480042683765,0.01076224950375032,0.01076224950375032,4.908392819211539e-05,4.908392819211539e-05,True,True,0.0,0.0,0.0,0.0,0.0,0.0
(all regions confounded),(all provinces confounded),VIVEROS DE PERMANENTES,permanent,68.0,68.0,0.04,0.04,4545.45454545455,4545.45454545455,0.0,0.0,0.0,0.0,566.9904625,566.9904625,0.0,0.0,0.0,0.0,0.0,0.0,0.0,0.0,0.0,0.0,,,,,,,0.0,0.0,7559.872833333334,7559.872833333334,0.0,0.0,3333.333333333333,3333.333333333333,0.0,0.0,0.0,0.0,0.0,0.0,0.0,0.0,85.048569375,85.048569375,37.11519567525001,37.11519567525001,70.5988174381875,70.5988174381875,76.89290000833334,76.89290000833334,25.378852940229944,25.378852940229944,87.82895499180353,87.82895499180353,161.94146938333336,161.94146938333336,62.494048615479954,62.494048615479954,158.42777242999102,158.42777242999102,7.369800306221123,7.369800306221123,8.938274777067795,8.938274777067795,50.20185550883334,50.20185550883334,0.8097073469166668,0.8097073469166668,0.7296334970739168,0.7296334970739168,1.5393408439905836,1.5393408439905836,0.0,0.0,0.0,0.0,0.0,0.0,2.8851659999999995,2.8851659999999995,1.0196176644,1.0196176644,0.21487633193062305,0.21487633193062305,0.0739009425,0.0739009425,0.44340565499999995,0.44340565499999995,1.7518005938306227,1.7518005938306227,0.0027574429184241663,0.0027574429184241663,0.8511202188816667,0.8511202188816667,4.518912246007499,4.518912246007499,0.017419490309663332,0.017419490309663332,0.05441990122623333,0.05441990122623333,0.07923171041744165,0.07923171041744165,0.0006125917576833334,0.0006125917576833334,True,True,0.0,0.0,0.0,0.0,0.0,0.0
