Region,Province,Crop,Category,count__minValue,count__maxValue,Cycle_length_months__minValue,Cycle_length_months__maxValue,Area_ha__minValue,Area_ha__maxValue,Yield_kgha__minValue,Yield_kgha__maxValue,Irrig_m3__minValue,Irrig_m3__maxValue,Fuel_ha__minValue,Fuel_ha__maxValue,NPK_kgha__minValue,NPK_kgha__maxValue,AN_kgha__minValue,AN_kgha__maxValue,AP_kgha__minValue,AP_kgha__maxValue,AS_kgha__minValue,AS_kgha__maxValue,Total_fert_min_kgha__minValue,Total_fert_min_kgha__maxValue,Total_fert_org_kgha__minValue,Total_fert_org_kgha__maxValue,Insecticide_kgha__minValue,Insecticide_kgha__maxValue,Herbicide_kgha__minValue,Herbicide_kgha__maxValue,Fungicide_kgha__minValue,Fungicide_kgha__maxValue,Total_pesticides_kgha__minValue,Total_pesticides_kgha__maxValue,Seed_kgha__minValue,Seed_kgha__maxValue,Organic_estiercol_kgha__minValue,Organic_estiercol_kgha__maxValue,Organic_fermentado_kgha__minValue,Organic_fermentado_kgha__maxValue,Organic_liquido_kgha__minValue,Organic_liquido_kgha__maxValue,Irrig_lake_m3__minValue,Irrig_lake_m3__maxValue,Irrig_river_m3__minValue,Irrig_river_m3__maxValue,Irrig_well_m3__minValue,Irrig_well_m3__maxValue,N_min__minValue,N_min__maxValue,P_min__minValue,P_min__maxValue,K_min__minValue,K_min__maxValue,N_orga__minValue,N_orga__maxValue,P_orga__minValue,P_orga__maxValue,K_orga__minValue,K_orga__maxValue,N_tot__minValue,N_tot__maxValue,P_tot__minValue,P_tot__maxValue,K_tot__minValue,K_tot__maxValue,kgNH3N_ha__minValue,kgNH3N_ha__maxValue,kgNOxN_ha__minValue,kgNOxN_ha__maxValue,kgNO3N_ha__minValue,kgNO3N_ha__maxValue,kgN2ON_ha_direct__minValue,kgN2ON_ha_direct__maxValue,kgN2ON_ha_indirect__minValue,kgN2ON_ha_indirect__maxValue,kgN2ON_ha__minValue,kgN2ON_ha__maxValue,kgCO2urea_ha__minValue,kgCO2urea_ha__maxValue,kgCO2limestone_ha__minValue,kgCO2limestone_ha__maxValue,kgCO2_fert_ha__minValue,kgCO2_fert_ha__maxValue,soil_erosion_tha__minValue,soil_erosion_tha__maxValue,kgP_ha_erosion__minValue,kgP_ha_erosion__maxValue,kgP_ha_runoff__minValue,kgP_ha_runoff__maxValue,kgP_ha_leaching__minValue,kgP_ha_leaching__maxValue,kgP_ha_drainage__minValue,kgP_ha_drainage__maxValue,kgP_total__minValue,kgP_total__maxValue,Cd_kg_ha__minValue,Cd_kg_ha__maxValue,Cu_kg_ha__minValue,Cu_kg_ha__maxValue,Zn_kg_ha__minValue,Zn_kg_ha__maxValue,Pb_kg_ha__minValue,Pb_kg_ha__maxValue,Ni_kg_ha__minValue,Ni_kg_ha__maxValue,Cr_kg_ha__minValue,Cr_kg_ha__maxValue,Hg_kg_ha__minValue,Hg_kg_ha__maxValue,trace_metals_from_organic__minValue,trace_metals_from_organic__maxValue,SOC_mean_rate_kgChayr__minValue,SOC_mean_rate_kgChayr__maxValue,SOC_mean_rate_kgChayr__minValue__minValue,SOC_mean_rate_kgChayr__minValue__maxValue,SOC_mean_rate_kgChayr__maxValue__minValue,SOC_mean_rate_kgChayr__maxValue__maxValue
(all regions confounded),(all provinces confounded),AGUACATE (FRUTA FRESCA),permanent,214.83,219.17,10.89,11.11,0.02,20.0,37.878787878788,24242.424242424266,0.0,15652.17391304348,3851.9916,6864.0084,32.988536,1000.0,0.0,226.796185,45.359237,125.0,13.48314606741573,125.0,0.0,1000.0,0.0,120957.96533333334,0.18,48.0,0.1818181818181818,48.0,0.2,25.0,0.0,96.0,0.0,0.0,0.0,60478.98266666667,0.0,60478.98266666667,0.0,1363.6363636363635,0.0,1e-12,0.0,15652.17391304348,0.0,15652.17391304348,4.948280400000001,227.1107029,11.06707652862,90.00750000000001,10.822983290377078,186.77249999999998,0.0,972.3682681212122,0.0,381.68877035738467,0.0,1129.2446367713706,4.948280400000001,1199.4789710212121,11.06707652862,471.69627035738466,10.822983290377078,1316.0171367713706,0.09790318309058825,76.41095312705528,0.28047833471693556,64.94262886083602,1.5339669240000002,371.83848101657577,0.024741402000000003,5.9973948551060605,0.019545707580000002,5.875612809235606,0.044287109580000004,11.873007664341667,0.0,1e-12,0.0,1e-12,0.0,1e-12,2.8563143399999995,2.9140176599999994,1.009421487756,1.0298138410439999,0.17984184598127123,0.3781231012634278,0.0735,0.07366402193181817,0.44099999999999995,0.44198413159090905,1.713959510381271,1.9133889191861548,0.0,0.029366092475878184,0.0,6.6982965998787884,0.0,23.090164585851333,0.0,0.5988099731985188,0.0,0.7546038563199273,0.0,1.2319777014224031,0.0,0.006640478269640606,0.0,1.0,150.0,800.0,148.5,151.5,792.0,808.0
(all regions confounded),(all provinces confounded),ARROZ (EN CÁSCARA),transitory,2321.55,2368.45,2.0,7.0,0.0564,592.0,500.0,9395.45454545454,0.0,10000.0,1653.741,4514.9985,0.1984126984126984,600.0,0.0,1500.0,1.0,480.0,0.1181027966742252,400.0,0.0,1500.0,0.0,1238.095238095238,0.03125,50.0,0.0555555555555555,64.79891,0.0460822677814916,50.0,0.0,150.0,0.0,4480.0,0.0,1238.095238095238,0.0,266.6666666666667,0.0,200.5012531328321,0.0,10000.0,0.0,10000.0,0.0,10000.0,0.02976190476190476,600.0,0.20936809523809524,133.5384,0.08352763605442173,273.933,0.0,13.361253132832083,0.0,4.791020970513093,0.0,15.779689593227785,0.02976190476190476,613.3612531328321,0.20936809523809524,138.3294209705131,0.08352763605442173,289.71268959322776,0.0005888480392156863,12.859390471413827,0.0016869637148337596,34.72467292781244,0.009226190476190476,190.14198847117794,0.0001488095238095238,3.0668062656641606,0.0001175595238095238,2.4384096160401,0.0002663690476190476,5.5052158817042605,0.0,1e-12,0.0,1e-12,0.0,1e-12,2.8563143399999995,2.9140176599999994,1.009421487756,1.0298138410439999,0.17509159854166667,0.23694814362281297,0.0735,0.07352411684210526,0.44099999999999995,0.4411447010526316,1.7092092629416666,1.7712346259175495,0.0,0.0003668891979949875,0.0,0.09996764912280702,0.0,0.45869840401002504,0.0,0.004457761303258145,0.0,0.00821553984962406,0.0,0.01254993022556391,0.0,0.00010495642105263157,0.0,1.0,0.0,1e-12,0.0,1e-12,0.0,1e-12
(all regions confounded),(all provinces confounded),ARVEJA SECA (GRANO SECO),transitory,71.28,72.72,3.0,8.0,0.01,5.0,75.75757575757575,1948.0519480519424,0.0,10434.782608695654,1653.741,3993.762,1.61997275,647.9890999999999,0.0,312.5,0.0,0.0,2.0625,2.104166666666667,0.0,647.9890999999999,0.0,9071.8474,0.2083333333333333,10.0,0.04,14.285714285714285,0.6479891,3.125,0.0,14.285714285714285,0.0852272727272727,102.2727272727275,0.0,9071.8474,0.0,0.0,0.0,16.666666666666668,0.0,1e-12,0.0,10434.782608695654,0.0,1e-12,0.2429959125,203.448365,0.106043416215,42.417366486,1.2289596569662498,81.73236403649997,0.0,78.52898001000003,0.0,27.847133528275933,0.0,97.12833349016422,0.2429959125,281.97734501,0.106043416215,70.26450001427594,1.2289596569662498,178.86069752666418,0.004807745598198529,9.833381487854318,0.013773489651278085,15.73702049932408,0.075328732875,87.4129769531,0.0012149795625,1.4098867250500002,0.0009598338543749999,1.2056894194012,0.002174813416875,2.6155761444512002,0.0,1e-12,0.0,1e-12,0.0,1e-12,2.8563143399999995,2.9140176599999994,1.009421487756,1.0298138410439999,0.17504639399459404,0.21793099936236643,0.0735,0.0735020047125,0.44099999999999995,0.44101202827499997,1.709164058394594,1.7520626967498663,0.0,0.0013172648354423334,0.0,0.358119262658,0.0,1.6106446952089999,0.0,0.013733388371596,0.0,0.029453881471480002,0.0,0.04289638583426333,0.0,0.0006833267758866668,0.0,1.0,0.0,1e-12,0.0,1e-12,0.0,1e-12
(all regions confounded),(all provinces confounded),ARVEJA TIERNA (VAINA),transitory,294.03,299.97,1.0,11.0,0.01,10.0,227.272727272727,6863.63636363636,1043.4782608695652,10434.782608695654,1653.741,3993.762,0.4166666666666667,453.59237,0.0,453.59237,129.89772817471797,132.52192470350016,3.846153846153846,66.70476029411765,0.0,463.59237,0.0,56699.04625,0.0302394913333333,33.333333333333336,0.25,20.0,0.5,18.75,0.0,166.66666666666669,1.47727272727273,118.181818181818,0.0,56699.04625,0.0,1209.5796533333337,0.0,333.33333333333337,0.0,1e-12,0.0,10434.782608695654,0.0,10434.782608695654,0.0625,222.26026130000002,25.536590858951115,55.71681211347337,1.9674966346153844,89.70202686263823,0.0,500.4871605145001,0.0,178.09902326116276,0.0,617.1101246479925,0.0625,722.7474218145001,25.536590858951115,233.81583537463612,1.9674966346153844,706.8121515106308,0.0012365808823529413,41.41410384056215,0.003542623801150895,39.398839691536416,0.019375,224.05170076249502,0.0003125,3.6137371090725003,0.00024687499999999997,3.44042229396924,0.000559375,7.054159403041741,0.0,1e-12,0.0,1e-12,0.0,1e-12,2.8563143399999995,2.9140176599999994,1.009421487756,1.0298138410439999,0.1861722585007911,0.35193957146990357,0.0735,0.07354009425000001,0.44099999999999995,0.4412405655,1.720289922900791,1.8863378956199035,0.0,0.008746649840447918,0.0,2.3584474294981,0.0,10.508919177412075,0.0,0.09634616742780834,0.0,0.19708869758149666,0.0,0.2896963690985305,0.0,0.0043151451880006,0.0,1.0,0.0,1e-12,0.0,1e-12,0.0,1e-12
(all regions confounded),(all provinces confounded),BANANO (FRUTA FRESCA),permanent,699.93,714.07,10.89,11.11,0.0,1660.0,90.909090909091,119506.49350649344,0.0,29565.21739130435,2294.5065000000004,8375.2513,0.7142857142857143,13325.04258943782,0.0,1632.932532,3.962264150943396,600.0,0.5660377358490566,2400.0,0.0,13325.04258943782,0.0,25000.0,0.0161290322580645,50.72463768115942,0.024,52.5,0.0968169761273209,50.72463768115942,0.0,111.11111111111111,5877.742946708466,9090.909090909085,0.0,25000.0,0.0,6333.333333333333,0.0,724.80181200453,0.0,29565.21739130435,0.0,29565.21739130435,0.0,29565.21739130435,0.10714285714285714,2553.953449295673,0.8248665768194069,990.0852879045998,0.3708600404312668,2854.5116780238495,0.0,265.30056625141566,0.0,97.62840796106683,0.0,319.2465493028061,0.10714285714285714,2819.254015547089,0.8248665768194069,1087.7136958656665,0.3708600404312668,3173.7582273266557,0.0021198529411764703,70.15266215536204,0.006073069373401534,158.96977391352158,0.03321428571428571,873.9687448195975,0.0005357142857142857,14.096270077735443,0.00042321428571428566,11.446455023925157,0.0009589285714285714,25.5427251016606,0.0,1e-12,0.0,1e-12,0.0,1e-12,2.8563143399999995,2.9140176599999994,1.009421487756,1.0298138410439999,0.17536087912735848,0.6760104756909323,0.0735,0.07358718115515289,0.44099999999999995,0.44152308693091735,1.709478543527358,2.2107384081770025,0.0,0.006059525906002264,0.0,1.5295195016987544,0.0,6.2562885007550015,0.0,0.09195147659494148,0.0,0.14455688297470742,0.0,0.22445281207059267,0.0,0.002108554090222726,0.0,1.0,150.0,800.0,148.5,151.5,792.0,808.0
(all regions confounded),(all provinces confounded),BRACHIARIA,cultivated_pasture,509.85,520.15,10.89,11.11,0.08,950.0,20000.0,30000.0,1304.3478260869567,10434.782608695654,0.0,2475.7000000000003,0.025,453.59237,0.0,200.0,0.0,0.0,99.0,101.0,0.0,453.59237,0.0,5000.0,0.9685230024213076,1.8867924528301887,0.06,40.19172898734177,,,0.0,40.19172898734177,0.0,0.0,0.0,5000.0,0.0,8.0,0.0,4.166666666666667,0.0,1e-12,0.0,10434.782608695654,0.0,1304.3478260869567,0.00375,136.0388555,0.0016365000000000002,29.692156540200003,49.311052874999994,106.78311395054999,0.0,43.323175000000006,0.0,15.370642883359068,0.0,53.58579122636873,0.00375,179.3620305,0.0016365000000000002,45.06279942355907,49.311052874999994,160.3689051769187,7.419485294117646e-05,5.8958017589367655,0.0002125574280690537,10.030873227200615,0.0011625,55.602229455,1.875e-05,0.8968101525000001,1.4812499999999998e-05,0.7591681352249999,3.3562499999999996e-05,1.655978287725,0.0,1e-12,0.0,1e-12,0.0,1e-12,2.8563143399999995,2.9140176599999994,1.009421487756,1.0298138410439999,0.17500071596874997,0.20141882549199167,0.0735,0.073500501178125,0.44099999999999995,0.44100300706874995,1.7091183803687495,1.7355399981388664,0.0,0.0007261483333333333,0.0,0.19708639,0.0,0.884387904,0.0,0.007626999999999999,0.0,0.016260852,0.0,0.023699797533333327,0.0,0.0003768278066666667,0.0,1.0,150.0,500.0,148.5,151.5,495.0,505.0
(all regions confounded),(all provinces confounded),BROCOLI,transitory,255.42,260.58,1.0,3.0,0.01,170.0,3740.259740259743,25000.0,7500.0,10434.782608695654,5180.503900000001,8375.2513,18.181818181818183,1511.9745666666668,0.0,453.59237,50.0,204.11656650000003,64.79891,373.5466576470589,0.0,1511.9745666666668,0.0,27215.5422,0.1219512195121951,20.0,0.8571428571428571,15.0,0.0335994348148148,28.57142857142857,0.0,78.78461538461539,0.0,0.0,0.0,27215.5422,0.0,10000.0,0.0,120.0,0.0,1e-12,0.0,10434.782608695654,0.0,1e-12,2.7272727272727275,381.0175908,11.009181818181817,139.05826646327003,34.537654205509085,374.31216147619415,0.0,309.32844003,0.0,115.8664213848278,0.0,370.7516915704927,2.7272727272727275,690.34603083,11.009181818181817,254.92468784809785,34.537654205509085,745.0638530466869,0.05395989304812836,30.4168404384059,0.15458722041385728,38.161122748731316,0.8454545454545456,214.0072695573,0.013636363636363637,3.4517301541500003,0.010772727272727274,3.0887810966136,0.02440909090909091,6.5405112507636005,0.0,1e-12,0.0,1e-12,0.0,1e-12,2.8563143399999995,2.9140176599999994,1.009421487756,1.0298138410439999,0.17981651704545454,0.30902836108940496,0.0735,0.07351443393,0.44099999999999995,0.44108660357999996,1.7139341814454543,1.8432470629994047,0.0,0.0072867945063269995,0.0,1.7643127879740002,0.0,6.743179085626999,0.0,0.12482616511478797,0.0,0.17943164441443998,0.0,0.28331140750279,0.0,0.00239294032766,0.0,1.0,0.0,1e-12,0.0,1e-12,0.0,1e-12
(all regions confounded),(all provinces confounded),CACAO (ALMENDRA SECA),permanent,5571.72,5684.28,10.89,11.11,0.0,600.0,3.18181818181818,9090.90909090909,0.0,15652.17391304348,3851.9916,6864.0084,0.1,2500.0,0.0,4000.0,0.6666666666666666,294.11764705882354,0.2,800.0,0.0,4000.0,0.0,100788.224614,0.0166666666666666,50.0,0.025025025025025,72.57477920000001,0.0133333333333333,50.0,0.0,125.0,21.599999999999984,22.03636363636362,0.0,26448.964614809003,0.0,100788.224614,0.0,750.0,0.0,15652.17391304348,0.0,15652.17391304348,0.0,15652.17391304348,0.015,1735.0,0.13746599999999998,221.40882352941176,0.1120635,709.7355,0.0,972.1644948309978,0.0,406.98375371510764,0.0,1083.0918481854123,0.015,2707.1644948309977,0.13746599999999998,628.3925772445194,0.1120635,1792.8273481854123,0.00029677941176470583,106.22991505475333,0.0008502297122762148,150.40186917836544,0.00465,839.2209933976093,7.5e-05,13.535822474154989,5.924999999999999e-05,11.830732213534707,0.00013424999999999998,25.366554687689696,0.0,1e-12,0.0,1e-12,0.0,1e-12,2.8563143399999995,2.9140176599999994,1.009421487756,1.0298138410439999,0.17506014137499998,0.3436300560685804,0.0735,0.0735902120625,0.44099999999999995,0.44154127237499996,1.7091778057749996,1.8783792049060803,0.0,0.037451302982067725,0.0,7.997346219529691,0.0,23.954999963363456,0.0,0.8828838945361536,0.0,1.003714148907772,0.0,1.6834207577172404,0.0,0.005448818258416988,0.0,1.0,150.0,800.0,148.5,151.5,792.0,808.0
(all regions confounded),(all provinces confounded),CAFÉ (GRANO ORO),permanent,516.78,527.22,10.89,11.11,0.0,28.0,11.45454545454544,2945.45454545454,0.0,15652.17391304348,3851.9916,6864.0084,0.25,127005.8636,0.0,127005.8636,158.4,161.6,60.0,90.718474,0.0,254011.7272,0.0,100000.0,0.025,20.0,0.025025025025025,20.0,0.1785714285714285,12.0,0.0,47.359237,0.2681818181818179,16.09285714285714,0.0,7559.872833333334,0.0,6428.571428571428,0.0,100000.0,0.0,15652.17391304348,0.0,15652.17391304348,0.0,15652.17391304348,0.0375,62232.873164000004,31.122957000000003,8345.538839256,29.91472875,15859.318349314437,0.0,457.64290000833336,0.0,109.40776645451567,0.0,339.36451302037494,0.0375,62690.516064008334,31.122957000000003,8454.946605710515,29.91472875,16198.682862334812,0.0007419485294117646,1265.1435066239928,0.002125574280690537,3551.988934840051,0.011625,19434.059979842583,0.0001875,313.4525803200417,0.000148125,248.16298064584265,0.000335625,561.6155609658844,0.0,1e-12,0.0,1e-12,0.0,1e-12,2.8563143399999995,2.9140176599999994,1.009421487756,1.0298138410439999,0.1886162936875,3.946706113497201,0.0735,0.085528275,0.44099999999999995,0.51316965,1.7227339580874999,5.565021702897201,0.0,0.05321220482318607,0.0,17.382170218881665,0.0,98.21450474600749,0.0,0.24509806173823473,0.0,0.9825599012262333,0.0,1.4443755616079177,0.0,0.002089147710064286,0.0,1.0,150.0,800.0,148.5,151.5,792.0,808.0
(all regions confounded),(all provinces confounded),CAÑA DE AZÚCAR / AZÚCAR (TALLO FRESCO),permanent,122.76,125.24,10.89,11.11,0.22,8607.25,15384.615384615385,200000.0,0.0,34782.608695652176,2832.0108,6864.0084,0.4,857.1428571428571,0.0,705.5881311111111,23.61041365365365,70.0,42.68036314314315,440.99258194444445,0.0,1146.5807130555556,0.0,8000.0,0.3333333333333333,7.766990291262135,0.4816955684007707,16.0,1.0,4.0,0.0,23.0,0.0,0.0,0.0,8000.0,0.0,0.0,0.0,3.0,0.0,1e-12,0.0,34782.608695652176,0.0,34782.608695652176,0.06,368.4713931492064,4.6627970333045035,69.85517142857142,21.307187667073872,326.3679082203928,0.0,69.21035000000002,0.0,24.549311038910506,0.0,85.62825328998197,0.06,437.6817431492064,4.6627970333045035,94.40448246748193,21.307187667073872,411.99616151037475,0.0011871176470588233,12.409193797337387,0.003400918849104859,24.591847419042857,0.0186,135.68134037625398,0.0003,2.188408715746032,0.00023699999999999996,1.809818994939365,0.0005369999999999999,3.998227710685397,0.0,1e-12,0.0,1e-12,0.0,1e-12,2.8563143399999995,2.9140176599999994,1.009421487756,1.0298138410439999,0.1770399737020707,0.22704357340279668,0.0735,0.07350036084825,0.44099999999999995,0.44100216508949996,1.7111576381020703,1.7611637637405466,0.0,0.00115578,0.0,0.31385949999999996,0.0,1.409151,0.0,0.012089719999999998,0.0,0.025868599999999995,0.0,0.0376749,0.0,0.0006024390000000001,0.0,1.0,150.0,800.0,148.5,151.5,792.0,808.0
(all regions confounded),(all provinces confounded),CAÑA DE AZÚCAR / OTROS USOS (TALLO FRESCO),permanent,402.93,411.07,10.89,11.11,0.0,14.0,90.909090909091,200000.0,0.0,34782.608695652176,2832.0108,6864.0084,1.2,120.0,0.0,647.9890999999999,108.9,111.1,138.6,141.4,0.0,647.9890999999999,0.0,7559.872833333334,0.5,10.0,0.3,10.0,0.5,2.083333333333333,0.0,22.6796185,0.0,0.0,0.0,7559.872833333334,0.0,2993.709642,0.0,80.0,0.0,1e-12,0.0,34782.608695652176,0.0,34782.608695652176,0.18,238.31629399999997,21.464334,29.673018,69.18053399999998,85.36748399999999,0.0,87.67266587703334,0.0,32.91267580858943,0.0,104.79406896023217,0.18,325.9889598770333,21.464334,62.585693808589426,69.18053399999998,190.16155296023214,0.0035613529411764704,11.199531482395829,0.01020275654731458,18.203040859342078,0.055799999999999995,101.05657756188033,0.0009,1.6299447993851666,0.0007109999999999999,1.3902334105904104,0.001611,3.020178209975577,0.0,1e-12,0.0,1e-12,0.0,1e-12,2.8563143399999995,2.9140176599999994,1.009421487756,1.0298138410439999,0.184390646125,0.2083593801977012,0.0735,0.07350962261999999,0.44099999999999995,0.44105773571999995,1.7185083105249999,1.742544402937701,0.0,0.0021187004336175,0.0,0.5125035438985268,0.0,1.9575886435881709,0.0,0.03656096582036333,0.0,0.05221501122848133,0.0,0.08262793264587703,0.0,0.00067269826265461,0.0,1.0,150.0,800.0,148.5,151.5,792.0,808.0
(all regions confounded),(all provinces confounded),CEBADA,transitory,248.49,253.51,3.0,10.0,0.02,22.0,136.363636363636,13636.36363636364,10330.434782608698,10539.13043478261,1447.4865,3993.762,6.0,412.3567000000001,0.0,400.0,0.0,0.0,53.886773556,54.975395244,0.0,412.3567000000001,0.0,6803.88555,0.4,10.909090909090908,0.1511974566666666,4.725897920604915,0.6,4.0,0.0,10.909090909090908,0.3787878787878784,10227.27272727273,0.0,6803.88555,0.0,1374.522333333333,0.0,500.0,0.0,1e-12,0.0,10434.782608695654,0.0,10434.782608695654,0.8999999999999999,197.853505,0.39276,26.992869582000008,27.585936437301356,78.72563985572664,0.0,70.6813491575,0.0,25.6413156114776,0.0,84.74709609428922,0.8999999999999999,268.53485415750004,0.39276,52.634185193477606,27.585936437301356,163.47273595001587,0.017806764705882352,9.142265526849473,0.05101378273657289,14.99965838603327,0.27899999999999997,83.24580478882501,0.0045,1.3426742707875001,0.0035549999999999996,1.1434098524364,0.008055,2.4860841232239004,0.0,1e-12,0.0,1e-12,0.0,1e-12,2.8563143399999995,2.9140176599999994,1.009421487756,1.0298138410439999,0.17517183249999999,0.20557808025755608,0.0735,0.073560141375,0.44099999999999995,0.44136084825,1.7092894968999999,1.7401167342825559,0.0,0.0016852909965817497,0.0,0.44299204686349997,0.0,1.9280179899929164,0.0,0.022654802762030333,0.0,0.03890909108627666,0.0,0.05968566926325583,0.0,0.0005658481183266667,0.0,1.0,0.0,1e-12,0.0,1e-12,0.0,1e-12
(all regions confounded),(all provinces confounded),CEBOLLA BLANCA,transitory,517.77,528.23,2.0,11.0,0.01,2.0,227.2727272727273,26392.96187683284,7747.826086956523,7904.347826086957,5180.503900000001,10178.9935,1.3333333333333333,907.18474,0.0,453.59237,0.0,0.0,0.0,0.0,0.0,907.18474,0.0,50000.0,0.0285714285714285,16.666666666666668,0.125,16.666666666666668,0.3333333333333333,10.0,0.0,33.333333333333336,0.0,0.0,0.0,50000.0,0.0,4535.9237,0.0,0.0,0.0,1e-12,0.0,7826.08695652174,0.0,1e-12,0.19999999999999998,290.2991168,0.08728,59.384313080400005,0.16601999999999997,112.95810790109999,0.0,465.83903919500005,0.0,168.0625185285838,0.0,571.0719054103853,0.19999999999999998,756.138155995,0.08728,227.4468316089838,0.16601999999999997,684.0300133114853,0.003957058823529412,40.197656792771845,0.011336396163682864,41.40003756256363,0.06199999999999999,234.40282835845002,0.001,3.780690779975,0.0007899999999999999,3.5317773920384,0.00179,7.3124681720134,0.0,1e-12,0.0,1e-12,0.0,1e-12,2.8563143399999995,2.9140176599999994,1.009421487756,1.0298138410439999,0.17503818499999999,0.3352239421854668,0.072765,0.074235,0.4365899999999999,0.44541,1.7091558493999996,1.8693416065854667,0.0,0.008711104821,0.0,2.266171704571,0.0,9.62578999633435,0.0,0.113401962895,0.0,0.2025328939428,0.0,0.3049420286289425,0.0,0.0039201512701585,0.0,1.0,0.0,1e-12,0.0,1e-12,0.0,1e-12
(all regions confounded),(all provinces confounded),FREJOL SECO (GRANO SECO),transitory,1242.45,1267.55,2.0,11.0,0.01,40.0,54.54545454545453,6818.1818181818,0.0,6956.521739130435,1653.741,3993.762,0.7142857142857143,666.6666666666667,0.0,283.49523125,0.0,0.0,25.19957611111111,52.33758115384615,0.0,666.6666666666667,0.0,22679.6185,0.0461538461538461,25.0,0.0151197456666666,33.333333333333336,0.0142857142857142,25.0,0.0,34.333333333333336,0.0,272.727272727272,0.0,22679.6185,0.0,6803.88555,0.0,200.0,0.0,6956.521739130435,0.0,6956.521739130435,0.0,5000.0,0.10714285714285714,196.38837862500003,0.04675714285714286,43.64000000000001,12.639840163614284,109.07725566948461,0.0,246.87725881750004,0.0,91.68387624877957,0.0,297.05076490365747,0.10714285714285714,443.26563744250006,0.04675714285714286,135.32387624877958,12.639840163614284,406.12802057314207,0.0021198529411764703,22.14493433835966,0.006073069373401534,24.351762396891594,0.03321428571428571,137.412347607175,0.0005357142857142857,2.2163281872125005,0.00042321428571428566,2.03974566071435,0.0009589285714285714,4.25607384792685,0.0,1e-12,0.0,1e-12,0.0,1e-12,2.8563143399999995,2.9140176599999994,1.009421487756,1.0298138410439999,0.17502045624999998,0.25518471021810357,0.0735,0.07352405655,0.44099999999999995,0.44114433929999997,1.7091381206499996,1.7894707704681032,0.0,0.0056176109867725,0.0,1.3831682135015,0.0,5.432946732524025,0.0,0.09143091527149,0.0,0.1365940445929,0.0,0.21389442419573873,0.0,0.00194310217828775,0.0,1.0,0.0,1e-12,0.0,1e-12,0.0,1e-12
(all regions confounded),(all provinces confounded),FREJOL TIERNO (VAINA),transitory,281.16,286.84,2.0,11.0,0.01,7.0,151.51515151515164,11363.636363636362,0.0,6956.521739130435,1653.741,3993.762,6.666666666666667,635.029318,0.0,250.0,0.0,0.0,50.0,90.718474,0.0,635.029318,0.0,37799.36416666667,0.0769230769230769,72.0,0.1428571428571428,41.66666666666667,0.1714285714285714,18.0,0.0,104.65865064,0.5681818181818176,555.5555555555555,0.0,37799.36416666667,0.0,907.18474,0.0,200.0,0.0,1e-12,0.0,6956.521739130435,0.0,6956.521739130435,1.0,180.2543977,0.43640000000000007,41.56901915628,25.7331,124.25391869120998,0.0,334.32230788066676,0.0,119.04350435822838,0.0,412.15917161611725,1.0,514.5767055806667,0.43640000000000007,160.61252351450838,25.7331,536.4130903073273,0.01978529411764706,28.293257485710143,0.05668198081841432,28.119868955056187,0.31,159.5187787300067,0.005,2.5728835279033335,0.0039499999999999995,2.4237350872640135,0.00895,4.996618615167347,0.0,1e-12,0.0,1e-12,0.0,1e-12,2.8563143399999995,2.9140176599999994,1.009421487756,1.0298138410439999,0.17519092499999997,0.2948731487443785,0.0735,0.07352405655,0.44099999999999995,0.44114433929999997,1.7093085893999995,1.8291592089943784,0.0,0.005853252222987501,0.0,1.5754354353225337,0.0,7.003269229304371,0.0,0.06503244412731667,0.0,0.13210408491972667,0.0,0.19438912447966353,0.0,0.0028799223757817005,0.0,1.0,0.0,1e-12,0.0,1e-12,0.0,1e-12
(all regions confounded),(all provinces confounded),GRAMALOTE,cultivated_pasture,300.96,307.04,10.89,11.11,0.01,308.99,10000.0,20000.0,10330.434782608698,10539.13043478261,0.0,2475.7000000000003,49.5,50.5,0.0,0.0,0.0,0.0,0.0,0.0,0.0,50.0,0.0,2267.96185,,,0.5,2.1902377972465583,,,0.0,2.1902377972465583,0.0,0.0,0.0,2267.96185,0.0,0.0,0.0,0.0,0.0,1e-12,0.0,10434.782608695654,0.0,1e-12,7.425,7.574999999999999,3.24027,3.30573,6.163492499999999,6.288007499999999,0.0,19.617870002500005,0.0,6.959055882068983,0.0,24.273436497541056,7.425,27.192870002500005,3.24027,10.264785882068983,6.163492499999999,30.561443997541055,0.1469058088235294,1.6008343481731386,0.42086370757672636,1.47988727914151,2.3017499999999997,8.429789700775002,0.037125,0.13596435001250004,0.029328749999999994,0.13036474441280002,0.06645374999999999,0.26632909442530006,0.0,1e-12,0.0,1e-12,0.0,1e-12,2.8563143399999995,2.9140176599999994,1.009421487756,1.0298138410439999,0.17641761812499998,0.18253543077181036,0.072765,0.074235,0.4365899999999999,0.44541,1.7105352825249995,1.71665309517181,0.0,0.00032723287552725004,0.0,0.0888360656645,0.0,0.39867367380225,0.0,0.003425847092899,0.0,0.00732597036787,0.0,0.010669513125232498,0.0,0.00017077752730500003,0.0,1.0,150.0,500.0,148.5,151.5,495.0,505.0
(all regions confounded),(all provinces confounded),HABA SECA (GRANO SECO),transitory,261.36,266.64,3.0,11.0,0.01,1.5,39.77272727272725,3636.36363636364,0.0,10434.782608695654,1653.741,3993.762,10.069750614000002,333.33333333333337,0.0,208.33333333333331,0.0,0.0,100.0,181.436948,0.0,333.33333333333337,0.0,7529.633341999999,0.1,16.666666666666668,0.06,32.399455,2.1258503401360542,5.0,0.0,32.399455,0.0424242424242424,145.45454545454558,0.0,7529.633341999999,0.0,0.0,0.0,5.555555555555555,0.0,1e-12,0.0,10434.782608695654,0.0,1e-12,1.5104625921000003,120.83333333333334,0.6591658751924402,21.820000000000004,51.05983499770221,131.87148632088,0.0,65.15049507496667,0.0,23.107702195135687,0.0,80.59933833850296,1.5104625921000003,185.9838284083,0.6591658751924402,44.927702195135694,51.05983499770221,212.47082465938297,0.02988494663840206,7.209330302601486,0.08561601167234459,10.337829673068656,0.4682434035510001,57.65498680657301,0.007552312960500002,0.9299191420415001,0.005966327238795001,0.810862201450496,0.013518640199295003,1.740781343491996,0.0,1e-12,0.0,1e-12,0.0,1e-12,2.8563143399999995,2.9140176599999994,1.009421487756,1.0298138410439999,0.17528838507039668,0.20476787598324375,0.0735,0.0735006682375,0.44099999999999995,0.44100400942499995,1.7094060494703966,1.7388902180457437,0.0,0.0010891909245282477,0.0,0.29586073800614,0.0,1.3289132636901364,0.0,0.011383812348424678,0.0,0.024372221621328398,0.0,0.03549556135354967,0.0,0.0005670536128748222,0.0,1.0,0.0,1e-12,0.0,1e-12,0.0,1e-12
(all regions confounded),(all provinces confounded),HABA TIERNA (VAINA),transitory,321.75,328.25,2.0,9.0,0.01,3.0,61.98347107438013,13636.363636363649,0.0,10434.782608695654,1653.741,3993.762,0.5555555555555556,635.029318,0.0,453.59237,89.81128926,91.62565874,0.0,0.0,0.0,635.029318,0.0,18914.801829,0.1,25.0,0.25,50.0,0.3333333333333333,39.689332375,0.0,50.0,0.5681818181818176,307.91788856305,0.0,18914.801829,0.0,1209.5796533333337,0.0,400.0,0.0,1e-12,0.0,10434.782608695654,0.0,10434.782608695654,0.08333333333333333,249.4758035,17.673507651545464,59.5624660196412,0.069175,79.07067553076999,0.0,173.88344627285002,0.0,62.204792265893495,0.0,212.85302259895852,0.08333333333333333,423.35924977285003,17.673507651545464,121.7672582855347,0.069175,291.9236981297285,0.0016487745098039215,17.796576402584133,0.004723498401534527,23.452102416628417,0.025833333333333333,131.2413674295835,0.00041666666666666664,2.11679624886425,0.0003291666666666667,1.8757126687419918,0.0007458333333333334,3.9925089176062416,0.0,1e-12,0.0,1e-12,0.0,1e-12,2.8563143399999995,2.9140176599999994,1.009421487756,1.0298138410439999,0.18273215959755112,0.25224323168299145,0.0735,0.0735481131,0.44099999999999995,0.44128867860000004,1.716849823997551,1.7866976877829914,0.0,0.003328283467497265,0.0,0.88953857552753,0.0,3.930815771866592,0.0,0.03939155486011099,0.0,0.07563803125278247,0.0,0.11281561376549037,0.0,0.0014708582497659666,0.0,1.0,0.0,1e-12,0.0,1e-12,0.0,1e-12
(all regions confounded),(all provinces confounded),LIMÓN (FRUTA FRESCA),permanent,252.45,257.55,10.89,11.11,0.0,22.0,7.575757575757567,57851.23966942137,0.0,18260.869565217392,3851.9916,8855.9988,0.15,1200.0,0.0,384.6153846153846,21.0,120.95796533333332,21.0,272.155422,0.0,1200.0,0.0,27215.5422,0.15,25.0,0.1333333333333333,12.5,0.125,25.0,0.0,50.0,0.0,0.0,0.0,27215.5422,0.0,3000.0,0.0,58.8235294117647,0.0,1e-12,0.0,18260.869565217392,0.0,18260.869565217392,0.0225,310.7692307692308,4.133799,102.30572523216,10.477937249999998,284.96772948131996,0.0,257.6673812064706,0.0,93.23093610718074,0.0,315.16973857990445,0.0225,568.4366119757015,4.133799,195.53666133934075,10.477937249999998,600.1374680612244,0.0004451691176470588,25.206043285610267,0.0012753445684143224,31.412898102513967,0.006974999999999999,176.21534971246746,0.0001125,2.8421830598785074,8.887499999999999e-05,2.546795453315591,0.000201375,5.388978513194099,0.0,1e-12,0.0,1e-12,0.0,1e-12,2.8563143399999995,2.9140176599999994,1.009421487756,1.0298138410439999,0.17680853706249997,0.2928878036831472,0.0735,0.07350707545588235,0.44099999999999995,0.4410424527352941,1.7109262014624997,1.8270549962743237,0.0,0.004946206271032882,0.0,1.2793169056210587,0.0,5.393654703274058,0.0,0.06626604746772917,0.0,0.11557305617914587,0.0,0.17491632073808408,0.0,0.002152710033542353,0.0,1.0,150.0,800.0,148.5,151.5,792.0,808.0
(all regions confounded),(all provinces confounded),MAIZ DURO CHOCLO (CHOCLO),transitory,84.15,85.85,1.0,9.0,0.01,8.0,189.3939393939392,11000.0,1027.6679841897237,11304.347826086958,1537.4895,3993.762,4.724920520833334,625.0,0.0,647.9891000000001,0.0018899682083333,40.0,1.8899682083333336,150.0,0.0,907.18474,0.0,2500.0,0.06479891,16.666666666666668,0.0625,25.0,0.5,3.333333333333333,0.0,25.0,0.0,0.606060606060606,0.0,2500.0,0.0,1000.0,0.0,1.5,0.0,1e-12,0.0,11304.347826086958,0.0,8125.0,0.708738078125,314.0662940000001,0.3096644492505025,48.767700000000005,1.5296410444940625,152.53087499999998,0.0,28.980175000000003,0.0,10.899947792159534,0.0,34.68213884124437,0.708738078125,343.0464690000001,0.3096644492505025,59.66764779215954,1.5296410444940625,187.21301384124433,0.014022591328079046,8.357301836552942,0.04017267814956109,19.353764883799336,0.21970880421875,106.34440539000003,0.003543690390625,1.7152323450000007,0.00279951540859375,1.3889403573000003,0.0063432057992187495,3.104172702300001,0.0,1e-12,0.0,1e-12,0.0,1e-12,2.8563143399999995,2.9140176599999994,1.009421487756,1.0298138410439999,0.17513547819654707,0.2030495375450146,0.0735,0.073500180424125,0.44099999999999995,0.44100108254475,1.709253142596547,1.7371684649138897,0.0,0.0006914625,0.0,0.16600475,0.0,0.6253235,0.0,0.012129049999999999,0.0,0.017133,0.0,0.0271513,0.0,0.00022247450000000002,0.0,1.0,0.0,1e-12,0.0,1e-12,0.0,1e-12
(all regions confounded),(all provinces confounded),MAIZ DURO SECO (GRANO SECO),transitory,2238.39,2283.61,2.0,10.0,0.01,1600.0,45.454545454545,18181.81818181818,0.0,11304.347826086958,1537.4895,3993.762,0.45359237,56699.04625,0.0,56699.04625,1.5,302.39491333333336,2.0,452.9220779220779,0.0,113398.0925,0.0,18143.6948,0.0074055897142857,150.0,0.0227364596491228,2000.0,0.0226796185,97.198365,0.0,2150.0,0.6087662337662338,3474.5454545454427,0.0,18143.6948,0.0,933.3333333333334,0.0,800.0,0.0,11304.347826086958,0.0,11304.347826086958,0.0,11304.347826086958,0.0680388555,27782.5326625,0.3242621565402,3770.9038806054,1.0525990539505499,7285.464113948619,0.0,166.56296002000005,0.0,59.2088522778852,0.0,203.24169151632844,0.0680388555,27949.095622520003,0.3242621565402,3830.1127328832854,1.0525990539505499,7488.705805464948,0.0013461687674955882,562.0047725402013,0.003856577102357864,1583.688296977093,0.021092045205,8664.219642981201,0.00034019427749999996,139.7454781126,0.00026875347922499995,110.59380637217741,0.0006089477567249999,250.3392844847774,0.0,1e-12,0.0,1e-12,0.0,1e-12,2.8563143399999995,2.9140176599999994,1.009421487756,1.0298138410439999,0.17514186469348633,1.8742857239393456,0.0735,0.07359622619999999,0.44099999999999995,0.4415773571999999,1.7092595290934862,3.409076971739345,0.0,0.003325863004218,0.0,0.907196525316,0.0,4.127119857084667,0.0,0.03664011007652533,0.0,0.07424882960962667,0.0,0.11018192833519332,0.0,0.001408544885106667,0.0,1.0,0.0,1e-12,0.0,1e-12,0.0,1e-12
(all regions confounded),(all provinces confounded),MAIZ SUAVE CHOCLO (CHOCLO),transitory,804.87,821.13,2.0,10.0,0.01,35.0,35.88516746411484,10909.090909090935,0.0,11304.347826086958,1537.4895,3993.762,0.5,1200.0,0.0,635.029318,35.430839002267575,141.7233560090703,11.11111111111111,214.73051320592657,0.0,1200.0,0.0,18892.1222105,0.1052631578947368,50.0,0.2083333333333333,41.96573506034737,0.4,41.99929351851851,0.0,50.0,0.0,545.454545454544,0.0,18892.1222105,0.0,4838.318613333334,0.0,307.6923076923077,0.0,11304.347826086958,0.0,11304.347826086958,0.0,11304.347826086958,0.075,395.90996812000003,6.990638163265307,106.38363265306123,5.596257499999999,256.3666794073438,0.0,200.04003739036352,0.0,73.78805572000272,0.0,241.16611332391994,0.075,595.9500055103636,6.990638163265307,180.17168837306394,5.596257499999999,497.5327927312637,0.0014838970588235292,22.628391669974214,0.004251148561381074,33.15294549598773,0.02325,184.7445017082127,0.000375,2.979750027551818,0.00029625,2.5880493655126613,0.00067125,5.56779939306448,0.0,1e-12,0.0,1e-12,0.0,1e-12,2.8563143399999995,2.9140176599999994,1.009421487756,1.0298138410439999,0.17805840419642857,0.2725740751538369,0.0735,0.07353701007692307,0.44099999999999995,0.4412220604615384,1.7121760685964285,1.8069508100922982,0.0,0.004476341149388146,0.0,1.1194183477584545,0.0,4.507722570657588,0.0,0.06949111285902816,0.0,0.10755231747257454,0.0,0.1672753107681613,0.0,0.0015920714906197168,0.0,1.0,0.0,1e-12,0.0,1e-12,0.0,1e-12
(all regions confounded),(all provinces confounded),MAIZ SUAVE SECO (GRANO SECO),transitory,2708.64,2763.36,2.0,11.0,0.01,1200.0,59.09090909090909,11079.54545454545,0.0,11304.347826086958,1537.4895,3993.762,0.7559872833333334,2500.0,0.0,2660.0,2.6666666666666665,388.79346,25.0,695.5083006666667,0.0,2660.0,0.0,90718.474,0.04,40.0,0.06,33.333333333333336,0.0142857142857142,25.0,0.0,50.0,0.0,3693.181818181825,0.0,90718.474,0.0,6803.88555,0.0,555.5555555555555,0.0,1e-12,0.0,11304.347826086958,0.0,1e-12,0.1133980925,1279.4,0.5731669275669999,240.0012596748,12.54563175658425,657.69236423004,0.0,836.6400255591668,0.0,300.68829937751576,0.0,1025.9917264965559,0.1133980925,2116.0400255591667,0.5731669275669999,540.6895590523158,12.54563175658425,1683.684090726596,0.0022436146124926474,87.19218586685665,0.006427628503929774,117.32033159959882,0.035153408675000004,655.9724079233416,0.0005669904625000001,10.580200127795834,0.00044792246537500005,9.337226930862933,0.0010149129278750001,19.917427058658767,0.0,1e-12,0.0,1e-12,0.0,1e-12,2.8563143399999995,2.9140176599999994,1.009421487756,1.0298138410439999,0.17525076053081057,0.5241243715634728,0.0735,0.07356682375,0.44099999999999995,0.44140094249999995,1.7093684249308105,2.0587098022134724,0.0,0.015612375030367777,0.0,4.107450183436501,0.0,17.733423613258193,0.0,0.19484632805845997,0.0,0.359573155629,0.0,0.5386375957304915,0.0,0.007071050219659972,0.0,1.0,0.0,1e-12,0.0,1e-12,0.0,1e-12
(all regions confounded),(all provinces confounded),MANGO (FRUTA FRESCA),permanent,78.21,79.79,10.89,11.11,0.05,506.94,454.54545454545496,68181.818181818,0.0,15652.17391304348,3851.9916,6864.0084,1.0,487.8048780487805,0.0,250.0,12.76595744680851,52.0,11.779580245844876,18.837209302325583,0.0,487.8048780487805,0.0,4535.9237,0.1999999999999999,3.152173913043478,0.2666666666666666,15.0,0.2439024390243902,4.693366708385482,0.0,20.7,0.0,0.0,0.0,4535.9237,0.0,266.6666666666667,0.0,52.0,0.0,1e-12,0.0,15652.17391304348,0.0,1e-12,0.15,158.1707317073171,2.572438723404255,42.143467317073174,5.991452737245498,70.12108485536018,0.0,41.37514000500001,0.0,14.812929598804635,0.0,50.767357291082114,0.15,199.5458717123171,2.572438723404255,56.95639691587781,5.991452737245498,120.88844214644229,0.0029677941176470585,6.189608479037813,0.008502297122762148,11.181036091315717,0.0465,61.8592202308183,0.00075,0.9977293585615855,0.0005925,0.8366151070695025,0.0013425,1.834344465631088,0.0,1e-12,0.0,1e-12,0.0,1e-12,2.8563143399999995,2.9140176599999994,1.009421487756,1.0298138410439999,0.17612544194148935,0.20566823726984024,0.0735,0.073506254703,0.44099999999999995,0.441037528218,1.7102431063414891,1.7398296845908403,0.0,0.0007684657510545,0.0,0.204418131329,0.0,0.8962914809378334,0.0,0.009171960852464665,0.0,0.017531674069073334,0.0,0.026119032917131663,0.0,0.0003513523879433334,0.0,1.0,150.0,800.0,148.5,151.5,792.0,808.0
(all regions confounded),(all provinces confounded),MANI,transitory,86.13,87.87,3.0,6.0,0.01,20.0,90.90909090909088,2727.2727272727298,2608.695652173913,10434.782608695654,891.9968000000001,2647.992,2.5,350.0,0.0,725.747792,299.3709642,305.4188624666667,0.0,0.0,0.0,729.747792,0.0,7.25747792,0.1363636363636363,10.0,0.3333333333333333,20.0,0.2,2.0,0.0,22.0,0.1636363636363632,85.2272727272725,0.0,0.0,0.0,7.25747792,0.0,4.0,0.0,1e-12,0.0,10434.782608695654,0.0,7500.0,0.375,299.25424928,58.954119949596,82.88915621120401,0.31128749999999994,43.58024999999999,0.0,0.067142462712,0.0,0.026044957256629052,0.0,0.06579577325679671,0.375,299.321391742712,58.954119949596,82.91520116846064,0.31128749999999994,43.64604577325679,0.007419485294117647,5.925799273493784,0.021255742806905373,16.965919042785227,0.11624999999999999,92.78963144024073,0.001875,1.4966069587135602,0.00148125,1.1823980540650854,0.00335625,2.6790050127786458,0.0,1e-12,0.0,1e-12,0.0,1e-12,2.8563143399999995,2.9140176599999994,1.009421487756,1.0298138410439999,0.20079242747794823,0.21126801526740174,0.0735,0.073500481131,0.44099999999999995,0.44100288678599997,1.734910091877948,1.7453890475844016,0.0,4.3949677136e-06,0.0,0.0011582747273136,0.0,0.00516646399413496,0.0,6.7799940632e-05,0.0,0.00010163663030848,0.0,0.000163951245806308,0.0,3.002420322536e-07,0.0,1.0,0.0,1e-12,0.0,1e-12,0.0,1e-12
(all regions confounded),(all provinces confounded),MARACUYÁ (FRUTA FRESCA),permanent,155.43,158.57,10.89,11.11,0.0706,14.99,23.0,29090.909090909,0.0,15652.17391304348,3851.9916,6864.0084,0.6,800.0,0.0,625.0,0.0,0.0,2.1772433760000003,300.0,0.0,851.796185,0.0,3628.73896,0.4,60.0,0.059322033898305,24.0,0.25,60.0,0.0,120.0,0.0,0.0,0.0,3628.73896,0.0,80.0,0.0,133.33333333333334,0.0,1e-12,0.0,15652.17391304348,0.0,15652.17391304348,0.09,332.5,0.039276,52.368,1.1591068358505598,249.02999999999997,0.0,32.436592004000005,0.0,11.480003001710372,0.0,39.74796978486569,0.09,364.936592004,0.039276,63.848003001710374,1.1591068358505598,288.77796978486566,0.0017806764705882352,8.977658799429962,0.00510137827365729,20.58371222443818,0.027899999999999998,113.13034352124,0.00045,1.8246829600199999,0.00035549999999999997,1.47945035106048,0.0008055,3.30413331108048,0.0,1e-12,0.0,1e-12,0.0,1e-12,2.8563143399999995,2.9140176599999994,1.009421487756,1.0298138410439999,0.17501718325,0.20778732573489658,0.0735,0.0735160377,0.44099999999999995,0.4410962262,1.7091348476499997,1.7420172540348964,0.0,0.0006166392675102666,0.0,0.1697641050632,0.0,0.7802319180836,0.0,0.0063893553486384,0.0,0.013645072588592,0.0,0.020047529667038665,0.0,0.00027771377702133336,0.0,1.0,150.0,800.0,148.5,151.5,792.0,808.0
(all regions confounded),(all provinces confounded),NARANJA (FRUTA FRESCA),permanent,147.51,150.49,10.89,11.11,0.0,70.2072,30.303030303030297,40909.090909091,0.0,18260.869565217392,3851.9916,8855.9988,45.359237,986.0703695652172,0.0,212.58503401360545,126.66666666666669,200.0,1.3333333333333333,269.46081386138616,0.0,986.0703695652172,0.0,4535.9237,0.1999999999999999,18.33333333333333,0.1574703955656336,85.04606661941885,0.3543083900226757,17.857142857142858,0.0,808.3506963146705,0.0,0.0,0.0,4535.9237,0.0,3239.9455000000003,0.0,1200.0,0.0,1e-12,0.0,18260.869565217392,0.0,1e-12,6.8038855499999995,220.1894669994084,27.844015654020005,103.82416639173913,6.311985395054999,256.988205018215,0.0,67.18933943,0.0,25.161916253704508,0.0,76.7044824847235,6.8038855499999995,287.3788064294084,27.844015654020005,128.98608264544364,6.311985395054999,333.6926875029385,0.1346168767495588,9.32591595671572,0.3856577102357864,16.07871062298614,2.1092045204999996,89.08742999311661,0.03401942775,1.4368940321470423,0.026875347922499994,1.2137578125292632,0.06089477567249999,2.6506518446763057,0.0,1e-12,0.0,1e-12,0.0,1e-12,2.8563143399999995,2.9140176599999994,1.009421487756,1.0298138410439999,0.18718175684863375,0.23380424809000658,0.0735,0.07364433929999999,0.44099999999999995,0.44186603579999995,1.7212994212486334,1.7689322875900064,0.0,0.0023236477660545,0.0,0.597237634594,0.0,2.54327591641475,0.0,0.036065239110798,0.0,0.05475400783774,0.0,0.0868586895568525,0.0,0.00046797739043750005,0.0,1.0,150.0,800.0,148.5,151.5,792.0,808.0
(all regions confounded),(all provinces confounded),ORITO (FRUTA FRESCA),permanent,92.07,93.93,10.89,11.11,0.01,20.0,11.363636363636374,37878.78787878792,,,2294.5065000000004,8375.2513,0.5025125628140703,250.0,0.0,40.0,59.4,60.6,0.0,0.0,0.0,250.0,0.0,362.873896,1.48,10.2,0.1851851851851851,20.0,1.98,2.02,0.0,20.0,0.0,0.0,0.0,362.873896,0.0,0.0,0.0,0.0,0.0,1e-12,0.0,1e-12,0.0,1e-12,0.07537688442211055,51.1,11.697866472361808,28.265628000000003,0.06257035175879395,31.128749999999997,0.0,3.1388592004000007,0.0,1.1134489411310373,0.0,3.883749839606569,0.07537688442211055,54.2388592004,11.697866472361808,29.37907694113104,0.06257035175879395,35.01249983960656,0.0014913538279633458,1.2431822486488786,0.004272511116965903,3.0645326237316954,0.023366834170854268,16.814046352124,0.00037688442211055275,0.271194296002,0.00029773869346733664,0.21791595910604797,0.0006746231155778893,0.48911025510804795,0.0,1e-12,0.0,1e-12,0.0,1e-12,2.8563143399999995,2.9140176599999994,1.009421487756,1.0298138410439999,0.18011781658165826,0.18834048007348966,0.072765,0.074235,0.4365899999999999,0.44541,1.714235480981658,1.7224581444734892,0.0,5.235726008436e-05,0.0,0.01421377050632,0.0,0.06378778780836,0.0,0.00054813553486384,0.0,0.0011721552588592,0.0,0.0017071221000371996,0.0,2.73244043688e-05,0.0,1.0,150.0,800.0,148.5,151.5,792.0,808.0
(all regions confounded),(all provinces confounded),OTROS PASTOS CULTIVADOS,cultivated_pasture,4815.36,4912.64,10.89,11.11,0.01,1400.0,10000.0,20000.0,791.1131621452353,10434.782608695654,0.0,2475.7000000000003,0.7874015748031497,800.0,0.0,850.48569375,6.80388555,720.0,2.3696682464454977,533.6380823529412,0.0,850.48569375,0.0,1417476.15625,0.0333333333333333,22.7027027027027,0.0072072072072072,100.0,0.1666666666666666,7.0,0.0,215.9963666666667,0.0,0.0,0.0,1417476.15625,0.0,11339.80925,0.0,800.0,0.0,10434.782608695654,0.0,10434.782608695654,0.0,10434.782608695654,0.11811023622047244,409.16513587500003,1.3876903513956143,193.7616,1.2782802739112586,365.3957832967059,0.0,12347.276349550002,0.0,4386.537602006597,0.0,15262.393594176905,0.11811023622047244,12756.441485425003,1.3876903513956143,4580.299202006597,1.2782802739112586,15627.789377473611,0.002336845761926818,921.314537576162,0.006694722143907203,684.3790800277808,0.03661417322834645,3954.496860481751,0.0005905511811023622,63.782207427125016,0.0004665354330708661,64.83425719640226,0.0010570866141732284,128.6164646235273,0.0,1e-12,0.0,1e-12,0.0,1e-12,2.8563143399999995,2.9140176599999994,1.009421487756,1.0298138410439999,0.17560711452873556,4.066306270506475,0.0735,0.07359622619999999,0.44099999999999995,0.4415773571999999,1.7097247789287353,5.601097518306475,0.0,0.20866268425703124,0.0,56.42492030174,0.0,252.02799611724214,0.0,2.2372818402993753,0.0,4.688488714775749,0.0,6.853224524842668,0.0,0.10713423274102125,0.0,1.0,150.0,500.0,148.5,151.5,495.0,505.0
(all regions confounded),(all provinces confounded),OTROS PERMANENTES,permanent,1880.01,1917.99,10.89,11.11,0.0,599.0,11.086474501108649,109090.9090909092,0.0,15652.17391304348,3851.9916,6864.0084,1.0,10000.0,0.0,1209.5796533333337,5.0,416.6666666666667,10.0,625.0,0.0,10000.0,0.0,75296.33342,0.125,66.66666666666667,0.125,400.0,0.226796185,100.0,0.0,493.59237,0.0,0.0,0.0,45359.237,0.0,75296.33342,0.0,3333.333333333333,0.0,15652.17391304348,0.0,15652.17391304348,0.0,15652.17391304348,0.15,1911.2570821333334,1.04736,736.4250000000001,5.105114999999999,1556.4374999999998,0.0,957.2854506870001,0.0,384.4136491789061,0.0,1088.894502490087,0.15,2868.5425328203337,1.04736,1120.838649178906,5.105114999999999,2645.332002490087,0.0029677941176470585,108.61674165543172,0.008502297122762148,159.5957087934487,0.0465,889.2481851743034,0.00075,14.342712664101668,0.0005925,12.450766981944108,0.0013425,26.793479646045775,0.0,1e-12,0.0,1e-12,0.0,1e-12,2.8563143399999995,2.9140176599999994,1.009421487756,1.0298138410439999,0.17545822,0.6223106029362073,0.0735,0.0739009425,0.44099999999999995,0.44340565499999995,1.7095758844,2.159234864836207,0.0,0.03305911420581166,0.0,7.4390716091686,0.0,25.050037415195206,0.0,0.7032413259149799,0.0,0.85749944680788,0.0,1.4144011044117621,0.0,0.0060343949640644335,0.0,1.0,150.0,800.0,148.5,151.5,792.0,808.0
(all regions confounded),(all provinces confounded),OTROS TRANSITORIOS,transitory,1768.14,1803.86,0.0,11.0,0.0,30.0,22.7272727272725,119318.18181818198,0.0,10434.782608695654,1653.741,3993.762,0.25,9071.8474,0.0,1814.36948,1.7094017094017095,544.310844,0.4724920520833334,290.0,0.0,9071.8474,0.0,136077.711,0.0302394913333333,125.0,0.1889968208333333,56.69904625,0.0666666666666666,60.478982666666674,0.0,125.0,0.454545454545455,6969.696969696977,0.0,136077.711,0.0,10000.0,0.0,1200.0,0.0,10434.782608695654,0.0,10434.782608695654,0.0,10434.782608695654,0.0375,1977.6627332,0.35205730769230775,700.7348943487201,0.266458141460625,1274.018479011,0.0,1254.7122001500004,0.0,450.60807172413905,0.0,1538.1179134524634,0.0375,3232.3749333500004,0.35205730769230775,1151.342966072859,0.266458141460625,2812.1363924634634,0.0007419485294117646,131.92862929696597,0.002125574280690537,179.2866775821972,0.011625,1002.0362293385001,0.0001875,16.161874666750002,0.000148125,14.235894260908001,0.000335625,30.397768927658003,0.0,1e-12,0.0,1e-12,0.0,1e-12,2.8563143399999995,2.9140176599999994,1.009421487756,1.0298138410439999,0.17515402507211536,0.8481247775861867,0.0735,0.07364433929999999,0.44099999999999995,0.44186603579999995,1.7092716894721152,2.3832528170861864,0.0,0.023533972531635,0.0,6.20826393987,0.0,26.913075428135,0.0,0.29121082557394,0.0,0.5407982220722001,0.0,0.8095960375139499,0.0,0.0106043016383,0.0,1.0,0.0,1e-12,0.0,1e-12,0.0,1e-12
(all regions confounded),(all provinces confounded),PALMA AFRICANA (FRUTA FRESCA),permanent,580.14,591.86,10.89,11.11,0.5,3000.0,250.0,120000.0,0.0,15652.17391304348,567.9936,1960.0096000000003,0.024,1666.6666666666667,0.0,1451.495584,1.3333333333333333,111.11111111111111,0.024,506.32911392405066,0.0,2400.0,0.0,36000.0,0.0158772161947605,25.063451776649742,0.05,56.8515228426396,0.0083720930232558,23.75,0.0,6000.8,0.0,0.0,0.0,36000.0,0.0,5063.291139240507,0.0,600.0,0.0,1e-12,0.0,15652.17391304348,0.0,1e-12,0.0036,743.50849856,0.26341104,130.92000000000002,0.014941799999999998,459.7072784810126,0.0,350.68518987341776,0.0,127.19972070167955,0.0,426.65638714510874,0.0036,1094.1936884334177,0.26341104,258.11972070167957,0.014941799999999998,886.3636656261214,7.122705882352941e-05,40.64762353682936,0.00020405513094629157,60.92244636141141,0.001116,339.20004341435947,1.8e-05,5.470968442167089,1.422e-05,4.732366741463898,3.222e-05,10.203335183630987,0.0,1e-12,0.0,1e-12,0.0,1e-12,2.8563143399999995,2.9140176599999994,1.009421487756,1.0298138410439999,0.17511524232999998,0.3295340935032101,0.0735,0.07357216964999999,0.44099999999999995,0.44143301789999995,1.7092329067299996,1.8641569454532099,0.0,0.007165146075949367,0.0,1.8534630379746835,0.0,7.836259999999999,0.0,0.09773792101265823,0.0,0.16747960506329113,0.0,0.25504564303797467,0.0,0.002891789873417722,0.0,1.0,150.0,800.0,148.5,151.5,792.0,808.0
(all regions confounded),(all provinces confounded),PALMITO (TALLO FRESCO),permanent,51.48,52.52,10.89,11.11,0.5,200.0,60.60606060606066,11784.511784511778,,,3851.9916,6864.0084,3.0,600.0,0.0,150.0,0.0,0.0,0.0,0.0,0.0,600.0,0.0,9071.8474,0.05,3.0,0.0044444444444444,80.8080808080808,,,0.0,80.8080808080808,0.0,0.0,0.0,9071.8474,0.0,600.0,0.0,120.0,0.0,1e-12,0.0,1e-12,0.0,1e-12,0.44999999999999996,141.0,0.19638,39.276,0.37354499999999996,74.70899999999999,0.0,83.29548001000002,0.0,29.85152745627593,0.0,102.09606140616422,0.44999999999999996,224.29548001,0.19638,69.12752745627594,0.37354499999999996,176.8050614061642,0.008903382352941176,8.9503581668102,0.025506891368286443,12.452565741367064,0.13949999999999999,69.5315988031,0.00225,1.12147740005,0.0017774999999999998,0.9834228576511999,0.0040275,2.1049002577011997,0.0,1e-12,0.0,1e-12,0.0,1e-12,2.8563143399999995,2.9140176599999994,1.009421487756,1.0298138410439999,0.17508591625,0.21666022833724147,0.0735,0.07351443393,0.44099999999999995,0.44108660357999996,1.7092035806499997,1.7508789302472412,0.0,0.0015669315021090001,0.0,0.416022262658,0.0,1.820189995209,0.0,0.018929388371596,0.0,0.03581028147148,0.0,0.05347236750092999,0.0,0.0007051931092200001,0.0,1.0,150.0,800.0,148.5,151.5,792.0,808.0
(all regions confounded),(all provinces confounded),PAPA,transitory,681.12,694.88,3.0,11.0,0.0,57.0,568.1818181818187,81818.1818181818,0.0,10434.782608695654,1653.741,5272.5,0.0725747792,2500.0,0.0,1295.9782000000002,0.75,75.59872833333334,0.75,500.0,0.0,2500.0,0.0,36287.3896,0.0875438596491228,144.0,0.1666666666666666,50.0,0.0251995761111111,64.28571428571429,0.0,144.0,0.0,63636.3636363636,0.0,36287.3896,0.0,9071.8474,0.0,1578.9473684210527,0.0,1e-12,0.0,10434.782608695654,0.0,10434.782608695654,0.010886216879999999,815.6325880000002,0.152035745046432,178.4960782701,0.38258164863208793,560.3174999999999,0.0,386.01136685105274,0.0,141.66166963125846,0.0,463.5201610579686,0.010886216879999999,1201.643954851053,0.152035745046432,320.15774790135845,0.38258164863208793,1023.8376610579685,0.00021538700279929407,44.687385468841335,0.0006170523363772581,66.90227118601484,0.0033747272327999994,372.50962600382644,5.44310844e-05,6.008219774255265,4.3000556675999996e-05,5.1981269208773915,9.7431641076e-05,11.206346695132655,0.0,1e-12,0.0,1e-12,0.0,1e-12,2.8563143399999995,2.9140176599999994,1.009421487756,1.0298138410439999,0.1750665156384578,0.35210148435529237,0.0735,0.07368992013157895,0.44099999999999995,0.4421395207894737,1.7091841800384575,1.8875485896763449,0.0,0.009018909334646526,0.0,2.2996151966161054,0.0,9.562911405083646,0.0,0.1334055845395419,0.0,0.2134718400873095,0.0,0.33083547778792083,0.0,0.0030632692929864745,0.0,1.0,0.0,1e-12,0.0,1e-12,0.0,1e-12
(all regions confounded),(all provinces confounded),PASTO MIEL (CHILENA),cultivated_pasture,686.07,699.93,10.89,11.11,0.0564,700.0,9000.0,14000.0,10330.434782608698,10539.13043478261,0.0,2475.7000000000003,11.346901063164475,400.0,0.0,300.0,0.0,0.0,0.0,0.0,0.0,400.0,0.0,5000.0,,,0.0045359237,8.5,,,0.0,8.5,0.0,0.0,0.0,5000.0,0.0,1088.621688,0.0,8.0,0.0,1e-12,0.0,10434.782608695654,0.0,1e-12,1.7020351594746712,162.0,0.7427681435947466,26.184,1.4128593858799245,49.806,0.0,51.27896940680001,0.0,18.861312412813422,0.0,62.15458520100824,1.7020351594746712,213.2789694068,0.7427681435947466,45.04531241281342,1.4128593858799245,111.96058520100823,0.03367526622878268,6.997870552585054,0.09647472426161008,11.928428759830693,0.527630899437148,66.116480516108,0.008510175797373357,1.0663948470340001,0.00672303887992495,0.902448323362816,0.015233214677298306,1.9688431703968161,0.0,1e-12,0.0,1e-12,0.0,1e-12,2.8563143399999995,2.9140176599999994,1.009421487756,1.0298138410439999,0.1753249610628227,0.19988784937127918,0.0735,0.07350096226200001,0.44099999999999995,0.44100577357200005,1.7094426254628226,1.7340122496052792,0.0,0.00108467015704,0.0,0.27102320909704003,0.0,1.0873505991202441,0.0,0.0166570910948,0.0,0.026068494546271997,0.0,0.0403597368709462,0.0,0.0004138403048380401,0.0,1.0,150.0,500.0,148.5,151.5,495.0,505.0
(all regions confounded),(all provinces confounded),PASTO MIXTO,cultivated_pasture,5953.86,6074.14,10.89,11.11,0.01,1350.0,12000.0,25000.0,173.9130434782609,10434.782608695654,0.0,2475.7000000000003,0.2525252525252525,816.466266,0.0,749.9999999999999,6.479891,571.4285714285714,0.8113590263691685,600.0,0.0,826.5682656826568,0.0,48780.48780487805,0.008,22.6796185,0.0076923076923076,20.0,0.024,15.384615384615383,0.0,41.235670000000006,0.0,0.0,0.0,38000.0,0.0,4535.9237,0.0,48780.48780487805,0.0,10434.782608695654,0.0,10434.782608695654,0.0,10434.782608695654,0.03787878787878787,377.4699399,1.289051297610303,165.66302462950287,0.4355486584916098,400.49829711098994,0.0,530.3317221218293,0.0,163.17320498729123,0.0,543.8705714174854,0.03787878787878787,907.8016620218293,1.289051297610303,328.83622961679407,0.4355486584916098,944.3688685284753,0.0007494429590017824,46.69231186929564,0.002147044727970239,49.79458416099434,0.01174242424242424,281.4185152267671,0.00018939393939393937,4.539008310109146,0.0001496212121212121,4.206304679868766,0.00033901515151515146,8.745312989977911,0.0,1e-12,0.0,1e-12,0.0,1e-12,2.8563143399999995,2.9140176599999994,1.009421487756,1.0298138410439999,0.1755639599427045,0.3983979120663976,0.0735,0.07936745121951219,0.44099999999999995,0.47620470731707315,1.7096816243427044,1.973587735002983,0.0,0.03136992872343902,0.0,9.918082924083194,0.0,54.199296825602644,0.0,0.1830803609437805,0.0,0.6027948841867025,0.0,0.887513018872845,0.0,0.0036506976116219146,0.0,1.0,150.0,500.0,148.5,151.5,495.0,505.0
(all regions confounded),(all provinces confounded),PIÑA (FRUTA FRESCA),permanent,52.47,53.53,10.89,11.11,0.01,250.0,654.5454545454546,100000.0,0.0,15652.17391304348,3851.9916,6864.0084,9.0718474,850.0,0.0,1000.0,64.8,648.0,50.0,1500.0,0.0,2298.0,0.0,5060.0,1.0,30.0,0.95,57.88113695090439,0.4521817770743839,43.41085271317829,0.0,130.2325581395349,0.0,0.0,0.0,3000.0,0.0,2000.0,0.0,60.0,0.0,1e-12,0.0,15652.17391304348,0.0,1e-12,1.36077711,467.5,13.319267130803999,182.89524,26.032581079011,852.92775,0.0,40.857000000000006,0.0,15.70037097459144,0.0,48.07706004749324,1.36077711,508.357,13.319267130803999,198.59561097459144,26.032581079011,901.0048100474932,0.026923375349911766,12.271456787058824,0.07713154204715726,28.686685759704865,0.42184090409999997,157.59067000000002,0.0068038855499999995,2.5417850000000004,0.005375069584499999,2.05581284,0.0121789551345,4.597597840000001,0.0,1e-12,0.0,1e-12,0.0,1e-12,2.8563143399999995,2.9140176599999994,1.009421487756,1.0298138410439999,0.18082717936972673,0.2631314071877675,0.0735,0.07350721696500001,0.44099999999999995,0.44104330179000006,1.7149448437697266,1.7972995903427673,0.0,0.001122855,0.0,0.26316,0.0,0.9536260000000001,0.0,0.02133962,0.0,0.0283186,0.0,0.045640400000000005,0.0,0.00029508999999999997,0.0,1.0,150.0,800.0,148.5,151.5,792.0,808.0
(all regions confounded),(all provinces confounded),PLÁTANO (FRUTA FRESCA),permanent,1700.82,1735.18,10.89,11.11,0.0,293.0,90.90909090909066,66287.87878787876,0.0,29565.21739130435,2294.5065000000004,8375.2513,0.5,2000.0,0.0,1511.9745666666668,1.0,220.0,2.5,257.22222222222223,0.0,2000.0,0.0,6803.88555,0.0715819613457408,47.99999999999999,0.1181027966742252,100.0,0.0666666666666666,600.0,0.0,700.0,122.727272727273,4454.545454545452,0.0,6803.88555,0.0,1360.77711,0.0,160.0,0.0,29565.21739130435,0.0,29565.21739130435,0.0,29565.21739130435,0.075,814.0713526666667,0.22911,174.1236,1.3074074999999998,377.14209999999997,0.0,69.40732176600001,0.0,25.374383131824896,0.0,83.93261947827256,0.075,883.4786744326667,0.22911,199.4979831318249,1.3074074999999998,461.0747194782725,0.0014838970588235292,21.24008831874681,0.004251148561381074,49.85988345789189,0.02325,273.8783890741267,0.000375,4.417393372163334,0.00029625,3.5709473304752533,0.00067125,7.988340702638586,0.0,1e-12,0.0,1e-12,0.0,1e-12,2.8563143399999995,2.9140176599999994,1.009421487756,1.0298138410439999,0.175100235625,0.2696069736904311,0.0735,0.07351924524,0.44099999999999995,0.44111547144,1.7092179000249996,1.8038593547704311,0.0,0.0015107550728817498,0.0,0.38544970836479997,0.0,1.6001030203070548,0.0,0.021928030147196995,0.0,0.035724779286449994,0.0,0.05502039796438024,0.0,0.00056095796296255,0.0,1.0,150.0,800.0,148.5,151.5,792.0,808.0
(all regions confounded),(all provinces confounded),QUINUA,transitory,40.59,41.41,4.0,7.0,0.04,1.5,239.23444976076576,5454.54545454546,10330.434782608698,10539.13043478261,1653.741,3993.762,71.61984789473685,277.7096142857143,0.0,90.718474,0.0,0.0,0.0,0.0,0.0,277.7096142857143,0.0,5669.904625,0.2040816326530612,14.174761562500002,0.6599999999999999,0.6733333333333333,,,0.0,14.174761562500002,3.084415584415585,113.636363636364,0.0,5669.904625,0.0,5.669904625,0.0,5.405405405405405,0.0,1e-12,0.0,10434.782608695654,0.0,1e-12,10.742977184210527,72.50072330285714,4.6882352431894745,18.17887135114286,8.917745360613157,34.57901262278571,0.0,49.10499745389241,0.0,17.41948008140758,0.0,60.73972660302708,10.742977184210527,121.60572075674955,4.6882352431894745,35.598351432550444,8.917745360613157,95.31873922581279,0.2125529632887771,5.066311516564299,0.6089332266880838,6.7390180125846255,3.3303229271052635,37.69777343459236,0.05371488592105264,0.6080286037837478,0.042434759877631574,0.5377954440102147,0.09614964579868421,1.1458240477939625,0.0,1e-12,0.0,1e-12,0.0,1e-12,2.8563143399999995,2.9140176599999994,1.009421487756,1.0298138410439999,0.17705110291889536,0.1981816091000428,0.0735,0.07350065017702702,0.44099999999999995,0.44100390106216214,1.7111687673188953,1.732303824739232,0.0,0.0008226559600470777,0.0,0.22337475379196378,0.0,1.002902832474016,0.0,0.008621691165595979,0.0,0.018414853185752145,0.0,0.026831743034678238,0.0,0.0004272080276204684,0.0,1.0,0.0,1e-12,0.0,1e-12,0.0,1e-12
(all regions confounded),(all provinces confounded),SABOYA,cultivated_pasture,2047.32,2088.68,10.89,11.11,0.1,1918.5,18000.0,33000.0,1159.4202898550725,10434.782608695654,0.0,2475.7000000000003,0.0516129032258064,200.0,0.0,750.0,0.9991097042239588,0.9997317356702138,0.9991097042239588,100.0,0.0,750.0,0.0,2800.0,0.0010001250156269,3.333333333333333,0.0072072072072072,105.42962572482868,0.0137931034482758,3.0,0.0,105.42962572482868,0.0,0.0,0.0,2800.0,0.0,1083.3333333333333,0.0,40.008634957185,0.0,1e-12,0.0,10434.782608695654,0.0,10434.782608695654,0.00774193548387096,285.0,0.1995837443606623,13.288327318250918,0.5040431599309462,74.709,0.0,32.32052979060229,0.0,12.114674389394983,0.0,38.63305844868859,0.00774193548387096,317.3205297906023,0.1995837443606623,25.4030017076459,0.5040431599309462,113.34205844868859,0.00015317647058823514,8.029273230995052,0.00043882823859417485,17.885103096707724,0.0023999999999999976,98.3693642350867,3.87096774193548e-05,1.5866026489530114,3.0580645161290286e-05,1.2912311125278837,6.92903225806451e-05,2.877833761480895,0.0,1e-12,0.0,1e-12,0.0,1e-12,2.8563143399999995,2.9140176599999994,1.009421487756,1.0298138410439999,0.1750873178881578,0.1883713711989544,0.0735,0.0735048123486364,0.44099999999999995,0.4410288740918184,1.7092049822881576,1.722522722039409,0.0,0.0007815023174785925,0.0,0.1898199377203713,0.0,0.7302805553206927,0.0,0.013347360876256263,0.0,0.01920230438128133,0.0,0.030347975201272456,0.0,0.0002484155289211101,0.0,1.0,150.0,500.0,148.5,151.5,495.0,505.0
(all regions confounded),(all provinces confounded),SOYA,transitory,79.2,80.8,0.0,6.0,0.3528,300.0,422.0779220779214,2500.0,7187.5,10000.0,891.9968000000001,1960.0096000000003,1.417233560090703,300.0,0.0,283.4467120181406,2.1433164249482037,200.0,0.4,170.06802721088437,0.0,566.8934240362812,0.0,80.0,0.25,8.503401360544217,0.25,5.668934240362812,0.4286632849896406,4.0,0.0,14.17233560090703,5.681818181818187,543.9477290588234,0.0,0.0,0.0,0.0,0.0,80.0,0.0,1e-12,0.0,10000.0,0.0,10000.0,0.21258503401360543,141.37188208616783,0.5136765883748656,58.914,0.37569083673469383,122.05858163265304,0.0,0.276,0.0,0.052368000000000005,0.0,0.16602,0.21258503401360543,141.64788208616784,0.5136765883748656,58.966368,0.37569083673469383,122.22460163265305,0.004206057422969187,2.817497551746033,0.01204974082024114,8.028017888294826,0.06590136054421768,43.91084344671203,0.001062925170068027,0.7082394104308393,0.0008397108843537413,0.559832054240363,0.0019026360544217684,1.2680714646712024,0.0,1e-12,0.0,1e-12,0.0,1e-12,2.8563143399999995,2.9140176599999994,1.009421487756,1.0298138410439999,0.175224733507414,0.20085506350000001,0.0735,0.07350962261999999,0.44099999999999995,0.44105773571999995,1.7093423979074136,1.7350400862399997,0.0,3.9999999999999996e-05,0.0,0.01332,0.0,0.07656,0.0,0.000144,0.0,0.0007199999999999999,0.0,0.0010479999999999999,0.0,1.04e-06,0.0,1.0,0.0,1e-12,0.0,1e-12,0.0,1e-12
(all regions confounded),(all provinces confounded),TABACO,transitory,30.69,31.31,2.0,7.0,0.6,702.0,592.2865013774103,2673.7967914438527,7500.0,10434.782608695654,3069.991386,3132.011414,80.0,1000.0,0.0,101.28205128205128,401.0769230769231,409.1794871794872,105.01779359430606,202.56410256410257,0.0,1000.0,0.0,2200.0,0.2,10.006060606060606,0.4,6.0,0.2,14.17948717948718,0.0,23.74358974358974,168.872727272727,197.01818181818203,0.0,1200.0,0.0,1000.0,0.0,2.0,0.0,1e-12,0.0,10434.782608695654,0.0,7500.0,12.0,184.43589743589743,84.00028615384616,145.8146676923077,62.266362277580065,225.4040769230769,0.0,17.736900000000006,0.0,6.911331165836575,0.0,20.7695969909973,12.0,202.17279743589745,84.00028615384616,152.72599885814427,62.266362277580065,246.1736739140742,0.2374235294117647,4.960960467562594,0.680183769820972,11.403988833386322,3.7199999999999998,62.67356720512821,0.06,1.0108639871794873,0.0474,0.8193347228717949,0.1074,1.8301987100512822,0.0,1e-12,0.0,1e-12,0.0,1e-12,2.8563143399999995,2.9140176599999994,1.009421487756,1.0298138410439999,0.2117501251923077,0.2420177611529916,0.0735,0.07350024056549999,0.44099999999999995,0.44100144339299996,1.7458677895923076,1.7761371095114917,0.0,0.0005041420000000001,0.0,0.11516700000000002,0.0,0.3972815,0.0,0.010166248,0.0,0.01293824,0.0,0.021042065000000002,0.0,0.00012459100000000001,0.0,1.0,0.0,1e-12,0.0,1e-12,0.0,1e-12
(all regions confounded),(all provinces confounded),TOMATE DE ÁRBOL (FRUTA FRESCA),permanent,99.99,102.01,10.89,11.11,0.01,2.0,454.5454545454547,44545.45454545454,0.0,10434.782608695654,3851.9916,6864.0084,50.0,2061.7835,0.0,250.0,0.0,0.0,30.239491333333334,2061.7835,0.0,4123.567,0.0,45359.237,0.25,50.0,0.5,15.0,0.25,40.0,0.0,80.0,0.0,0.0,0.0,45359.237,0.0,0.0,0.0,160.0,0.0,1e-12,0.0,10434.782608695654,0.0,1e-12,7.5,394.267525,3.273,134.96434791000001,21.28683105348,1283.6148625125,0.0,392.9094000500001,0.0,139.28585364137967,0.0,485.8007699508211,7.5,787.1769250500001,3.273,274.2502015513797,21.28683105348,1769.4156324633211,0.14838970588235295,36.86074041721277,0.4251148561381074,43.38784893746118,2.325,244.02484676550003,0.0375,3.935884625250001,0.029625,3.569052852006,0.06712499999999999,7.504937477256001,0.0,1e-12,0.0,1e-12,0.0,1e-12,2.8563143399999995,2.9140176599999994,1.009421487756,1.0298138410439999,0.1764319375,0.3559907571468322,0.0735,0.07351924524,0.44099999999999995,0.44111547144,1.7105496019,1.890243138226832,0.0,0.006624657510545,0.0,1.8033613132900002,0.0,8.126593476045,0.0,0.06880494185797999,0.0,0.14795940735739999,0.0,0.21548626250464997,0.0,0.0034176305461,0.0,1.0,150.0,800.0,148.5,151.5,792.0,808.0
(all regions confounded),(all provinces confounded),TOMATE RIÑON,transitory,193.05,196.95,0.0,11.0,0.01,3.5,1818.18181818182,204545.45454545415,0.0,10434.782608695654,5180.503900000001,8375.2513,0.888888888888889,1562.5,0.0,375.0,5.172413793103448,226.796185,1.133980925,604.7898266666667,0.0,1562.5,0.0,70440.22687058825,0.15,42.85714285714285,0.3086419753086419,25.0,0.1666666666666666,69.78344153846155,0.0,312.5,22.727272727272734,28.4090909090909,0.0,70440.22687058825,0.0,22679.6185,0.0,700.0,0.0,1e-12,0.0,10434.782608695654,0.0,7500.0,0.13333333333333333,361.875,1.0739452873563218,146.8194848103,0.6754705395054998,495.7763085696,0.0,778.4181584055884,0.0,289.80629999946126,0.0,935.0282220570002,0.13333333333333333,1140.2931584055884,1.0739452873563218,436.6257848097613,0.6754705395054998,1430.8045306266004,0.0026380392156862744,64.73252609056956,0.0075575974424552435,62.19546265125979,0.04133333333333333,353.4908791057324,0.0006666666666666666,5.701465792027943,0.0005266666666666666,5.4149072210366125,0.0011933333333333331,11.116373013064555,0.0,1e-12,0.0,1e-12,0.0,1e-12,2.8563143399999995,2.9140176599999994,1.009421487756,1.0298138410439999,0.17546985106321838,0.4290577514804398,0.0735,0.073584197925,0.44099999999999995,0.44150518755,1.7095875154632183,1.9637648013554396,0.0,0.017997742239022823,0.0,4.414052209375942,0.0,17.2349352621181,0.0,0.29703759477209835,0.0,0.43895049055137414,0.0,0.6891501684460514,0.0,0.006089005434147795,0.0,1.0,0.0,1e-12,0.0,1e-12,0.0,1e-12
(all regions confounded),(all provinces confounded),TRIGO,transitory,68.31,69.69,4.0,9.0,0.03,20.0,272.7272727272728,3865.1824366110072,10330.434782608698,10539.13043478261,1447.4865,3993.762,45.359237,453.59237,0.0,424.92917847025495,1160.3720930232555,1183.813953488372,1.0,68.0388555,0.0,1172.093023255814,0.0,27215.5422,0.944822373393802,7.5,0.4,17.006802721088434,0.3,4.166666666666667,0.0,21.258503401360542,3.699788583509512,272.72727272727303,0.0,27215.5422,0.0,12.5,0.0,0.0,0.0,1e-12,0.0,10434.782608695654,0.0,1e-12,6.8038855499999995,212.51477617988667,230.8430872819269,262.16954072624645,6.145965395054999,90.36648632088,0.0,235.50631503000002,0.0,83.54901958332779,0.0,291.38026474999265,6.8038855499999995,448.02109120988666,230.8430872819269,345.71856030957423,6.145965395054999,381.7467510708726,0.1346168767495588,21.622991476936768,0.3856577102357864,24.65693359325319,2.1092045204999996,138.88653827506485,0.03401942775,2.2401054560494336,0.026875347922499994,2.045225698864152,0.06089477567249999,4.285331154913585,0.0,1e-12,0.0,1e-12,0.0,1e-12,2.8563143399999995,2.9140176599999994,1.009421487756,1.0298138410439999,0.275993850685843,0.36276926082945715,0.072765,0.074235,0.4365899999999999,0.44541,1.810111515085843,1.896886925229457,0.0,0.003930919506326999,0.0,1.066880662974,0.0,4.786389404377,0.0,0.04121454011478799,0.0,0.08802469441444,0.0,0.12822628906529,0.0,0.00204975789016,0.0,1.0,0.0,1e-12,0.0,1e-12,0.0,1e-12
(all regions confounded),(all provinces confounded),YUCA,transitory,315.81,322.19,0.0,11.0,0.01,89.74,113.63636363636374,28409.090909091003,10330.434782608698,10539.13043478261,1653.741,3993.762,2.0,700.0,0.0,440.0,148.5,151.5,198.0,202.0,0.0,880.0,0.0,10205.828325,0.3636363636363636,21.73913043478261,0.0555555555555555,21.05263157894737,0.25,2.0,0.0,21.73913043478261,13.25757575757575,181.81818181818133,0.0,10205.828325,0.0,150.0,0.0,80.0,0.0,1e-12,0.0,10434.782608695654,0.0,10434.782608695654,0.3,254.60000000000002,29.29335,75.57357,98.86491,187.76861999999997,0.0,89.65891501125002,0.0,31.852307451310427,0.0,110.58480559293476,0.3,344.25891501125005,29.29335,107.42587745131043,98.86491,298.35342559293474,0.005935588235294117,11.668614717661475,0.017004594245524297,19.232395625672734,0.093,106.72026365348752,0.0015,1.7212945750562503,0.001185,1.4647236448576002,0.002685,3.1860182199138505,0.0,1e-12,0.0,1e-12,0.0,1e-12,2.8563143399999995,2.9140176599999994,1.009421487756,1.0298138410439999,0.187815840625,0.23554490791064658,0.0735,0.07350962261999999,0.44099999999999995,0.44105773571999995,1.721933505025,1.7697299306506467,0.0,0.001562047939872625,0.0,0.42325679549025,0.0,1.898255357110125,0.0,0.016812811918045498,0.0,0.035043466655415,0.0,0.05136638781354625,0.0,0.0007746696228725001,0.0,1.0,0.0,1e-12,0.0,1e-12,0.0,1e-12
